 59,55,  4,1,1,3,1,0,0,1,0
 69,55, 14,1,1,1,1,0,0,1,1
 60,55,  5,1,1,1,1,1,0,0,0
 54,55, -1,1,1,3,1,0,0,1,0
 67,55, 12,1,1,3,0,1,0,1,1
 50,55, -5,1,0,0,1,0,0,0,0
 53,55, -2,1,1,3,1,0,1,1,1
 54,55, -1,1,0,1,1,0,1,1,1
 56,55,  1,1,0,2,1,0,0,1,0
 66,55, 11,0,0,3,1,0,1,1,1
 39,55,-16,0,0,3,1,0,0,1,1
 54,55, -1,1,1,1,1,1,0,0,0
 90,55, 35,1,1,2,1,0,0,1,1
 69,55, 14,1,0,2,1,1,0,1,1
 66,55, 11,1,1,1,1,1,0,1,1
 62,55,  7,1,0,1,1,0,0,0,0
 64,55,  9,1,1,1,1,0,1,0,1
 57,55,  2,1,0,2,1,0,0,1,0
 62,55,  7,0,0,3,1,1,1,0,1
 60,55,  5,1,0,1,0,0,0,1,1
 54,55, -1,0,0,3,1,0,0,1,1
 71,55, 16,1,1,1,0,1,1,1,1
 71,55, 16,1,0,1,1,0,0,1,1
 68,55, 13,1,1,1,1,0,0,1,1
 64,55,  9,0,0,3,1,0,0,1,0
 63,55,  8,1,0,1,1,0,0,1,0
 60,55,  5,1,1,2,1,0,0,0,0
 61,55,  6,1,0,0,1,0,0,1,0
 58,55,  3,1,0,1,1,0,0,1,1
 56,55,  1,1,1,3,1,0,0,0,0
 58,55,  3,1,1,3,1,0,0,0,0
 54,55, -1,1,0,1,1,0,0,1,0
 44,55,-11,0,0,3,1,0,0,1,1
 77,55, 22,1,0,2,0,1,1,1,1
 53,55, -2,0,0,3,0,0,0,0,1
 84,55, 29,1,0,2,1,0,0,1,1
 66,55, 11,1,0,1,1,0,0,1,1
 69,55, 14,1,0,0,1,0,0,1,0
 68,55, 13,1,0,1,1,1,0,1,1
 65,55, 10,1,1,1,1,1,1,1,1
 60,55,  5,1,1,1,1,0,0,1,1
 48,55, -7,1,1,3,1,0,0,1,0
 74,55, 19,1,1,2,1,1,0,1,1
 56,55,  1,1,1,2,1,0,0,0,0
 64,55,  9,0,0,3,1,0,0,0,0
 66,55, 11,1,0,1,1,1,1,0,1
 58,55,  3,1,0,1,1,0,1,1,1
 59,55,  4,1,1,3,1,0,0,0,0
 63,55,  8,1,1,3,1,1,0,1,1
 64,55,  9,1,1,1,1,0,1,1,1
 53,55, -2,1,1,1,1,0,0,1,0
 63,55,  8,1,1,3,1,0,0,1,1
 57,55,  2,0,0,3,1,1,0,1,1
 52,55, -3,1,1,1,1,0,0,1,0
 51,55, -4,1,0,0,1,0,0,1,1
 63,55,  8,0,0,3,1,1,0,0,0
 55,55,  0,0,0,3,1,0,1,1,1
 48,55, -7,0,0,3,1,0,0,1,1
 54,55, -1,1,1,3,1,0,0,1,0
 54,55, -1,1,1,1,1,1,1,1,1
 48,55, -7,0,0,3,1,0,0,0,1
 46,55, -9,1,1,1,1,0,0,1,0
 55,55, -0,0,0,3,1,0,0,0,0
 61,55,  6,1,1,1,1,0,0,1,0
 66,55, 11,1,0,0,1,0,0,1,0
 58,55,  3,1,1,1,1,1,0,1,1
 59,55,  4,1,1,1,1,0,1,1,1
 56,55,  1,1,0,0,1,0,0,1,0
 61,55,  6,0,0,3,1,0,0,1,0
 66,55, 11,1,1,2,1,0,0,1,1
 59,55,  4,1,0,1,1,1,0,0,0
 56,55,  1,1,1,0,1,0,0,1,0
 61,55,  6,1,0,1,1,0,0,0,0
 60,55,  5,1,0,1,1,1,0,1,1
 60,55,  5,0,0,3,1,0,1,1,1
 51,55, -4,1,0,1,1,0,1,1,1
 68,55, 13,1,0,1,1,0,1,1,1
 59,55,  4,0,0,3,1,0,0,1,0
 65,55, 10,1,1,3,1,0,1,1,1
 64,55,  9,1,1,3,1,0,0,1,0
 55,55,  0,1,0,2,1,0,0,1,0
 54,55, -1,1,1,1,1,0,0,1,0
 70,55, 15,1,1,2,1,0,0,1,1
 68,55, 13,1,1,3,1,0,0,0,1
 63,55,  8,1,1,1,1,1,0,0,0
 62,55,  7,1,1,1,1,0,0,1,0
 60,55,  5,1,0,1,1,0,0,0,0
 65,55, 10,0,0,3,1,0,0,1,1
 60,55,  5,1,0,2,1,1,0,1,1
 57,55,  2,1,1,1,1,1,0,1,1
 38,55,-17,1,0,2,1,0,0,1,1
 50,55, -5,1,0,1,1,0,0,0,0
 52,55, -3,0,0,3,1,0,0,1,0
 67,55, 12,1,0,1,1,1,0,1,1
 53,55, -2,1,1,0,1,0,0,1,1
 32,55,-23,1,0,2,1,0,0,1,1
 61,55,  6,1,0,1,1,0,1,0,1
 58,55,  3,0,0,3,1,1,1,1,1
 52,55, -3,1,1,3,1,0,1,1,1
 58,55,  3,1,1,1,1,0,0,1,0
 52,55, -3,1,1,0,1,0,0,1,0
 59,55,  4,1,1,2,1,0,0,1,0
 57,55,  2,1,1,3,1,0,0,1,1
 70,55, 15,1,0,2,1,0,0,1,0
 57,55,  2,1,1,1,1,1,0,0,0
 70,55, 15,1,1,3,1,0,0,1,1
 54,55, -1,1,1,3,1,0,0,1,0
 49,55, -6,1,1,3,1,1,1,1,1
 63,55,  8,1,0,1,1,1,0,1,1
 87,55, 32,1,0,2,1,0,0,0,1
 64,55,  9,1,1,0,1,0,0,1,0
 65,55, 10,1,1,3,1,0,0,0,1
 57,55,  2,1,0,1,1,1,0,0,0
 51,55, -4,0,0,3,1,0,0,1,1
 67,55, 12,1,1,3,1,0,0,1,1
 60,55,  5,1,0,1,1,1,0,1,1
 59,55,  4,1,1,3,1,1,0,0,0
 65,55, 10,0,0,3,0,0,0,1,1
 56,55,  1,1,0,1,1,0,0,1,0
 59,55,  4,1,0,1,1,0,0,1,0
 61,55,  6,1,0,1,1,0,0,1,0
 51,55, -4,1,0,1,1,0,1,1,1
 57,55,  2,1,0,1,1,0,0,1,1
 70,55, 15,1,0,0,1,0,0,1,0
 54,55, -1,1,1,0,1,0,1,1,1
 57,55,  2,0,0,3,1,0,0,1,0
 64,55,  9,1,1,3,1,1,0,1,1
 58,55,  3,0,0,3,1,0,0,1,0
 71,55, 16,0,0,3,1,0,0,1,0
 48,55, -7,1,0,1,1,0,0,1,1
 63,55,  8,1,0,1,1,1,0,0,1
 53,55, -2,1,0,0,1,0,0,0,0
 63,55,  8,1,1,0,1,0,1,1,1
 57,55,  2,1,0,0,1,0,0,1,1
 58,55,  3,1,0,1,1,0,0,1,0
 61,55,  6,1,0,0,1,0,0,1,0
 52,55, -3,1,0,2,1,0,0,0,0
 60,55,  5,1,0,2,1,0,0,1,1
 59,55,  4,1,0,1,1,0,1,0,1
 54,55, -1,1,0,1,1,1,0,1,1
 63,55,  8,0,0,3,1,0,0,0,0
 58,55,  3,1,1,3,1,1,0,1,1
 62,55,  7,1,1,0,1,0,0,1,0
 59,55,  4,1,1,3,1,0,0,0,0
 56,55,  1,1,1,0,1,0,0,1,1
 57,55,  2,1,0,1,1,0,0,1,0
 57,55,  2,1,1,1,1,0,0,1,0
 57,55,  2,1,0,1,1,0,0,1,1
 55,55,  0,1,0,1,1,0,0,1,0
 65,55, 10,1,1,3,1,0,0,1,1
 48,55, -7,1,0,1,1,0,0,1,0
 70,55, 15,1,0,2,1,1,0,1,1
 62,55,  7,1,1,1,1,0,0,1,0
 60,55,  5,1,0,0,1,0,0,1,0
 66,55, 11,1,0,0,1,0,0,1,0
 54,55, -1,1,0,1,1,0,0,1,0
 50,55, -5,0,0,3,1,0,0,1,0
 68,55, 13,1,0,1,1,0,0,0,0
 44,55,-11,1,0,1,1,0,0,1,1
 56,55,  1,1,1,1,1,0,0,1,0
 55,55, -0,0,0,3,1,0,0,0,0
 55,55, -0,1,0,0,1,0,0,1,0
 66,55, 11,0,0,3,1,0,1,1,1
 55,55,  0,1,1,3,1,1,1,1,1
 64,55,  9,1,0,0,1,1,0,1,1
 55,55, -0,1,1,1,1,0,0,1,0
 68,55, 13,1,1,0,1,1,0,0,1
 63,55,  8,1,0,1,1,0,0,1,0
 67,55, 12,1,0,1,1,0,0,1,0
 57,55,  2,0,0,3,1,0,0,1,0
 59,55,  4,1,0,1,1,0,1,1,1
 73,55, 18,1,1,0,1,0,1,1,1
 57,55,  2,1,0,1,1,0,0,1,0
 52,55, -3,1,1,3,1,0,0,1,0
 54,55, -1,1,1,3,0,0,0,1,1
 46,55, -9,0,0,3,1,0,1,1,1
 51,55, -4,1,1,3,1,0,0,0,0
 51,55, -4,1,1,0,1,0,0,1,1
 54,55, -1,0,0,3,1,1,0,1,1
 53,55, -2,1,0,1,1,0,0,1,0
 53,55, -2,1,0,1,1,0,0,0,0
 66,55, 11,1,1,1,1,0,0,1,1
 60,55,  5,1,0,1,1,1,0,0,0
 52,55, -3,1,0,1,1,0,0,0,0
 52,55, -3,1,1,3,1,0,0,1,0
 69,55, 14,1,0,1,1,0,0,1,0
 56,55,  1,1,0,1,1,0,0,0,0
 47,55, -8,1,1,1,1,1,0,0,0
 58,55,  3,1,0,1,1,1,0,1,1
 63,55,  8,1,0,0,1,0,0,1,1
 50,55, -5,1,0,1,1,0,0,0,0
 53,55, -2,1,0,1,1,0,0,0,0
 48,55, -7,1,1,3,1,0,0,1,0
 54,55, -1,1,0,0,1,0,0,0,0
 49,55, -6,1,1,3,1,0,0,1,0
 62,55,  7,1,1,1,1,0,0,0,0
 52,55, -3,1,1,1,1,0,0,0,0
 58,55,  3,0,0,3,1,0,0,1,0
 51,55, -4,1,0,1,1,0,0,1,0
 57,55,  2,1,1,3,1,1,0,1,1
 56,55,  1,0,0,3,1,0,0,0,0
 49,55, -6,1,0,1,1,0,0,0,0
 50,55, -5,1,1,3,1,0,0,1,0
 55,55, -0,0,0,3,1,0,0,1,0
 59,55,  4,1,1,3,1,0,1,1,1
 63,55,  8,0,0,3,0,1,0,1,1
 63,55,  8,1,1,3,1,0,0,0,0
 51,55, -4,1,0,1,1,0,0,0,0
 55,55,  0,1,0,1,1,1,0,1,1
 71,55, 16,0,0,3,1,0,0,0,0
 51,55, -4,1,1,3,1,0,0,0,0
 60,55,  5,1,0,1,1,0,0,0,0
 60,55,  5,1,0,0,1,0,0,1,0
 46,55, -9,1,0,1,1,0,0,1,1
 62,55,  7,0,0,3,1,0,0,1,0
 78,55, 23,1,0,2,1,0,0,1,1
 61,55,  6,1,0,1,1,1,1,1,1
 52,55, -3,1,0,1,1,0,0,1,0
 73,55, 18,1,1,1,1,0,0,1,1
 63,55,  8,0,0,3,1,0,0,1,0
 69,55, 14,1,1,1,0,0,0,1,1
 56,55,  1,1,1,1,1,0,0,1,0
 68,55, 13,1,0,1,1,0,0,1,0
 69,55, 14,1,0,1,1,0,1,1,1
 52,55, -3,1,0,1,1,0,0,0,0
 65,55, 10,0,0,3,1,0,1,0,1
 58,55,  3,1,0,1,1,0,0,0,0
 56,55,  1,1,1,1,1,0,0,1,0
 61,55,  6,1,1,1,1,0,0,0,0
 48,55, -7,1,0,1,1,0,0,1,0
 61,55,  6,1,1,1,1,1,1,1,1
 57,55,  2,0,0,3,1,0,0,0,0
 56,55,  1,1,1,1,1,0,0,1,0
 68,55, 13,1,1,1,1,1,0,0,1
 57,55,  2,0,0,3,1,0,0,1,0
 60,55,  5,0,0,3,1,1,0,1,1
 25,55,-30,1,1,2,1,0,0,1,0
 62,55,  7,0,0,3,1,0,0,1,0
 50,55, -5,1,0,1,1,1,0,1,1
 49,55, -6,1,1,1,1,0,0,1,1
 58,55,  3,1,0,1,1,1,0,1,1
 57,55,  2,1,0,1,1,1,1,0,1
 54,55, -1,1,1,1,1,0,0,0,0
 54,55, -1,1,0,0,1,1,0,1,1
 69,55, 14,1,0,0,1,1,1,0,1
 47,55, -8,0,0,3,1,0,0,1,1
 58,55,  3,1,0,2,1,0,0,1,0
 52,55, -3,0,0,3,1,0,0,0,0
 54,55, -1,0,0,3,1,0,0,1,0
 57,55,  2,0,0,3,1,0,1,1,1
 73,55, 18,1,0,1,1,1,0,1,1
 68,55, 13,1,1,2,1,1,0,1,1
 68,55, 13,1,1,0,1,0,0,1,1
 62,55,  7,1,1,3,1,0,1,1,1
 57,55,  2,1,1,3,1,0,0,1,0
 57,55,  2,0,0,3,1,0,0,0,0
 63,55,  8,1,1,1,1,0,0,0,0
 55,55,  0,1,1,1,1,0,0,1,0
 63,55,  8,1,0,1,1,0,1,1,1
 82,55, 27,1,1,2,1,0,0,1,1
 63,55,  8,0,0,3,1,0,0,0,0
 56,55,  1,1,1,1,1,0,0,1,0
100,55, 45,1,1,2,1,0,1,1,1
 50,55, -5,1,0,1,1,0,1,0,0
 61,55,  6,1,0,1,1,0,0,0,0
 39,55,-16,1,1,1,1,0,1,1,1
 47,55, -8,1,0,0,1,0,0,1,1
 49,55, -6,1,0,1,1,0,1,1,1
 51,55, -4,1,1,3,1,0,0,1,0
 70,55, 15,1,1,2,1,1,0,1,1
 57,55,  2,1,0,1,1,1,0,1,1
 49,55, -6,1,1,3,1,1,0,1,1
 54,55, -1,1,1,1,1,0,0,1,0
 66,55, 11,1,1,1,1,0,0,1,1
 55,55,  0,0,0,3,1,0,0,1,1
 57,55,  2,1,1,1,1,0,0,0,0
 57,55,  2,1,1,3,1,0,0,1,0
 64,55,  9,1,0,1,1,0,0,1,0
 73,55, 18,1,0,2,1,1,1,1,1
 56,55,  1,0,0,3,1,1,0,1,1
 50,55, -5,1,1,3,1,0,0,1,0
 65,55, 10,0,0,3,1,1,0,1,1
 59,55,  4,1,0,0,1,0,0,1,0
 50,55, -5,0,0,3,1,0,0,1,0
 60,55,  5,0,0,3,1,0,0,0,0
 51,55, -4,1,1,1,1,1,0,0,0
 63,55,  8,1,1,1,1,0,0,1,0
 52,55, -3,0,0,3,1,1,0,1,1
 55,55, -0,1,0,0,0,0,0,1,1
 59,55,  4,1,0,1,1,1,0,1,1
 44,55,-11,1,1,3,1,0,1,1,1
 58,55,  3,1,1,3,1,1,0,1,1
 52,55, -3,0,0,3,1,0,0,0,0
 57,55,  2,1,0,0,1,1,0,1,1
 53,55, -2,1,0,1,1,0,0,1,1
 60,55,  5,1,1,1,1,0,0,1,0
 57,55,  2,1,1,3,1,1,0,1,1
 39,55,-16,1,1,3,1,0,0,1,1
 63,55,  8,1,0,1,1,0,0,1,1
 57,55,  2,1,1,3,1,0,0,1,1
 61,55,  6,0,0,3,1,0,0,1,0
 59,55,  4,1,1,0,0,0,0,1,1
 66,55, 11,1,1,1,1,1,0,1,1
 58,55,  3,1,1,3,1,0,1,1,1
 57,55,  2,1,1,1,1,0,0,0,0
 58,55,  3,0,0,3,1,1,1,1,1
 45,55,-10,1,0,1,1,1,0,0,1
 56,55,  1,0,0,3,1,1,0,0,0
 56,55,  1,1,1,1,1,0,0,1,1
 52,55, -3,1,0,1,1,0,0,1,0
 61,55,  6,1,1,3,1,0,0,1,0
 57,55,  2,1,1,3,1,0,0,1,1
 53,55, -2,0,0,3,1,0,0,1,0
 63,55,  8,1,1,3,1,0,0,1,0
 70,55, 15,1,1,3,1,0,1,1,1
 67,55, 12,1,0,1,1,0,0,1,0
 66,55, 11,1,0,2,1,0,0,1,0
 59,55,  4,1,1,0,1,0,0,1,0
 63,55,  8,0,0,3,1,0,0,1,0
 66,55, 11,1,0,0,1,1,0,1,1
 54,55, -1,1,0,1,1,0,1,1,1
 61,55,  6,1,1,0,1,0,0,1,0
 59,55,  4,1,1,3,1,0,0,1,1
 71,55, 16,1,1,1,1,0,0,0,1
 64,55,  9,1,0,0,1,0,0,1,1
 60,55,  5,0,0,3,1,0,1,0,1
 67,55, 12,1,0,1,1,0,0,1,1
 51,55, -4,0,0,3,1,1,0,1,1
 57,55,  2,0,0,3,1,0,1,0,0
 46,55, -9,0,0,3,1,0,0,1,1
 53,55, -2,1,0,1,1,0,0,1,0
 67,55, 12,1,0,1,1,0,1,1,1
 43,55,-12,1,1,3,1,0,0,1,0
 68,55, 13,1,0,1,1,0,0,1,0
 58,55,  3,1,1,3,0,0,0,1,1
 56,55,  1,1,1,1,1,0,0,1,0
 51,55, -4,1,1,3,1,1,0,1,1
 62,55,  7,1,1,3,1,0,0,1,0
 53,55, -2,1,1,1,1,0,0,0,0
 53,55, -2,1,0,1,1,0,0,0,0
 62,55,  7,1,0,1,1,0,0,1,0
 44,55,-11,1,1,3,1,1,1,1,1
 58,55,  3,0,0,3,1,0,0,1,1
 54,55, -1,0,0,3,1,1,0,1,1
 60,55,  5,1,1,3,1,0,0,0,0
 62,55,  7,1,1,1,1,0,0,1,0
 51,55, -4,0,0,3,1,0,0,1,0
 60,55,  5,0,0,3,0,0,1,0,1
 63,55,  8,0,0,3,1,0,0,1,0
 58,55,  3,1,1,1,1,0,0,0,0
 47,55, -8,1,0,1,1,0,0,1,1
 58,55,  3,1,0,1,1,0,0,0,0
 52,55, -3,1,0,1,1,0,0,1,0
 58,55,  3,1,1,1,1,0,0,1,0
 48,55, -7,1,1,1,1,0,0,1,0
 55,55,  0,0,0,3,1,0,0,1,1
 49,55, -6,1,0,1,1,0,0,1,0
 41,55,-14,1,0,1,1,0,0,1,1
 53,55, -2,1,0,1,1,0,0,1,0
 56,55,  1,1,0,1,1,0,0,1,1
 74,55, 19,1,1,0,1,0,0,1,1
 45,55,-10,1,0,2,1,0,0,1,1
 51,55, -4,1,0,1,1,0,0,1,0
 46,55, -9,1,1,3,1,0,1,1,1
 63,55,  8,1,0,1,1,0,0,0,0
 68,55, 13,1,0,2,1,0,0,1,0
 69,55, 14,1,1,2,1,1,0,1,1
 62,55,  7,1,1,1,1,0,0,1,0
 64,55,  9,0,0,3,1,0,0,1,0
 56,55,  1,1,0,1,1,0,0,0,0
 54,55, -1,1,0,1,1,0,0,0,0
 56,55,  1,0,0,3,1,0,0,1,0
 61,55,  6,1,0,1,1,0,1,1,1
 59,55,  4,0,0,3,1,0,0,0,0
 50,55, -5,0,0,3,1,0,0,1,0
 61,55,  6,0,0,3,1,0,0,1,0
 57,55,  2,1,1,3,1,0,0,0,0
 55,55,  0,0,0,3,1,0,1,1,1
 58,55,  3,1,1,3,1,1,0,1,1
 55,55,  0,1,1,3,1,0,0,1,0
 73,55, 18,1,1,0,1,0,0,1,1
 83,55, 28,1,0,2,1,0,0,0,1
 66,55, 11,1,1,1,1,0,0,0,1
 53,55, -2,0,0,3,1,0,0,1,0
 73,55, 18,1,0,1,1,0,1,1,1
 59,55,  4,0,0,3,1,0,0,1,0
 52,55, -3,1,0,1,1,1,0,1,1
 56,55,  1,0,0,3,1,1,0,1,1
 54,55, -1,1,1,3,1,0,0,0,0
 55,55, -0,0,0,3,1,1,0,0,0
 41,55,-14,1,1,3,1,0,0,1,0
 55,55, -0,1,0,1,1,0,0,1,0
 56,55,  1,1,0,0,1,0,0,1,0
 55,55,  0,1,1,1,1,0,0,1,1
 65,55, 10,1,1,1,1,1,0,1,1
 60,55,  5,1,0,0,1,1,0,1,1
 59,55,  4,1,1,1,1,0,0,1,0
 53,55, -2,1,0,1,1,0,1,1,1
 57,55,  2,1,0,1,1,1,0,1,1
 57,55,  2,1,0,1,1,1,0,0,0
 53,55, -2,1,0,1,0,1,1,1,1
 52,55, -3,1,0,1,1,1,0,1,1
 73,55, 18,1,1,0,1,0,0,1,1
 50,55, -5,1,1,3,1,0,0,1,0
 52,55, -3,1,0,1,1,0,0,1,0
 53,55, -2,1,1,1,0,1,0,1,1
 65,55, 10,1,1,2,1,0,0,1,1
 56,55,  1,0,0,3,1,0,1,1,1
 52,55, -3,1,0,2,1,0,0,0,0
 61,55,  6,1,0,1,1,0,0,0,0
 57,55,  2,0,0,3,1,1,0,0,0
 62,55,  7,1,1,3,0,1,0,1,1
 50,55, -5,1,0,1,1,0,0,1,0
 56,55,  1,1,1,0,0,1,0,1,1
 60,55,  5,0,0,3,0,0,0,1,1
 56,55,  1,1,0,1,1,0,0,1,0
 46,55, -9,1,0,2,1,0,0,1,1
 54,55, -1,1,1,3,1,0,0,1,1
 54,55, -1,1,1,3,1,0,0,1,0
 72,55, 17,1,1,3,1,0,0,1,1
 52,55, -3,0,0,3,1,0,1,1,1
 60,55,  5,1,0,0,1,0,0,1,0
 67,55, 12,1,0,1,1,0,0,1,1
 50,55, -5,1,1,1,1,0,0,1,0
 52,55, -3,1,0,1,1,0,0,1,0
 66,55, 11,1,1,1,1,0,0,1,1
 60,55,  5,1,0,0,1,0,1,1,1
 66,55, 11,1,0,1,1,0,0,1,0
 50,55, -5,1,1,0,1,1,0,1,1
 59,55,  4,1,0,1,1,0,0,1,0
 57,55,  2,0,0,3,1,0,0,0,0
 49,55, -6,1,0,1,1,0,0,1,1
 56,55,  1,0,0,3,1,0,1,1,1
 53,55, -2,1,0,1,1,0,0,1,0
 57,55,  2,1,1,1,1,0,0,0,0
 61,55,  6,1,0,1,1,1,1,0,1
 80,55, 25,1,0,2,1,0,1,1,1
 69,55, 14,0,0,3,1,0,0,1,1
 56,55,  1,1,1,3,1,0,1,1,1
 60,55,  5,0,0,3,1,0,0,0,0
 67,55, 12,1,1,3,1,0,0,1,1
 55,55,  0,1,1,1,1,0,0,0,0
 49,55, -6,1,1,1,1,0,0,1,0
 58,55,  3,1,0,1,1,0,0,0,0
 80,55, 25,1,0,2,1,0,0,1,1
 46,55, -9,1,1,1,1,1,0,1,1
 60,55,  5,1,0,0,1,0,0,1,0
 58,55,  3,1,0,1,1,0,0,0,0
 50,55, -5,0,0,3,1,0,0,1,0
 57,55,  2,1,0,1,1,0,0,1,0
 48,55, -7,1,0,1,1,0,0,1,0
 67,55, 12,0,0,3,1,0,1,0,1
 62,55,  7,1,0,1,1,0,0,1,0
 57,55,  2,1,0,2,1,0,0,1,0
 48,55, -7,1,0,1,1,0,0,1,1
 59,55,  4,1,1,3,1,1,0,1,1
 52,55, -3,1,1,1,1,0,0,0,0
 56,55,  1,1,1,3,1,0,0,0,0
 58,55,  3,1,0,0,1,1,0,1,1
 56,55,  1,0,0,3,1,1,0,0,0
100,55, 45,1,1,2,0,0,0,1,1
 58,55,  3,0,0,3,1,0,0,0,0
 64,55,  9,1,0,0,1,1,1,0,1
 52,55, -3,1,1,1,1,1,0,1,1
 85,55, 30,1,0,2,1,0,0,1,1
 49,55, -6,1,1,3,1,0,0,0,0
 60,55,  5,1,1,3,1,0,0,1,0
 53,55, -2,0,0,3,1,0,0,1,0
 57,55,  2,0,0,3,1,0,0,1,0
 70,55, 15,1,1,3,1,0,0,1,1
 60,55,  5,0,0,3,1,0,0,1,1
 63,55,  8,1,1,1,1,0,0,1,0
 58,55,  3,1,0,1,1,0,1,1,1
 52,55, -3,0,0,3,0,0,0,1,1
 56,55,  1,1,0,1,1,0,0,0,0
 69,55, 14,1,0,1,1,0,0,0,0
 53,55, -2,1,0,1,1,0,0,0,0
 70,55, 15,1,0,1,1,0,0,0,0
 56,55,  1,1,1,0,1,0,0,1,1
 53,55, -2,0,0,3,1,0,0,1,0
 66,55, 11,1,0,1,1,1,1,1,1
 51,55, -4,0,0,3,1,0,0,0,0
 63,55,  8,1,1,3,1,0,0,1,0
 51,55, -4,1,0,1,1,0,0,1,0
 59,55,  4,1,1,1,1,0,0,1,0
 55,55,  0,1,1,0,1,1,0,1,1
 65,55, 10,1,1,1,1,0,0,1,1
 63,55,  8,1,1,1,1,1,0,1,1
 63,55,  8,1,0,1,1,0,0,1,1
 53,55, -2,1,0,1,1,0,1,1,1
 59,55,  4,0,0,3,1,0,0,1,0
 54,55, -1,0,0,3,1,1,1,1,1
 61,55,  6,1,1,3,1,0,0,0,0
 56,55,  1,1,1,1,1,0,1,1,1
 53,55, -2,1,1,1,1,0,0,0,0
 58,55,  3,0,0,3,1,0,0,0,0
 58,55,  3,1,0,0,1,0,0,1,0
 54,55, -1,1,1,3,1,0,0,1,0
 62,55,  7,0,0,3,1,0,0,1,0
 60,55,  5,1,1,0,1,1,0,0,0
 59,55,  4,1,1,0,1,0,1,1,1
 53,55, -2,1,0,1,1,0,0,0,0
 57,55,  2,1,1,3,1,0,0,1,0
 58,55,  3,0,0,3,1,0,0,1,0
 47,55, -8,1,1,1,1,0,0,1,0
 45,55,-10,1,1,1,1,0,0,1,0
 79,55, 24,1,1,2,1,1,1,0,1
 61,55,  6,1,0,1,1,0,1,1,1
 67,55, 12,1,0,1,1,0,1,1,1
 58,55,  3,1,1,1,1,0,0,0,0
 49,55, -6,1,1,2,1,0,0,0,0
 64,55,  9,1,1,1,1,0,0,1,1
 54,55, -1,1,0,1,1,0,0,1,0
 63,55,  8,1,0,1,1,0,1,1,1
 55,55, -0,1,1,1,1,0,0,1,0
 54,55, -1,0,0,3,1,0,0,1,0
 58,55,  3,1,0,1,1,1,0,0,0
 64,55,  9,1,1,1,1,0,0,0,0
 61,55,  6,1,0,1,1,1,0,0,0
 51,55, -4,1,1,3,1,0,1,1,1
 51,55, -4,1,1,1,1,0,0,1,0
 60,55,  5,1,1,3,1,0,0,1,0
 53,55, -2,1,0,0,1,0,0,1,1
 61,55,  6,1,0,1,1,0,0,1,0
 57,55,  2,1,1,3,1,0,0,0,0
 67,55, 12,1,1,0,1,1,0,0,1
 51,55, -4,1,1,1,1,0,1,0,1
 72,55, 17,1,1,3,1,0,0,0,1
 71,55, 16,1,0,0,1,0,0,1,1
 37,55,-18,1,0,1,0,0,0,1,1
 60,55,  5,1,1,0,1,0,0,1,0
 56,55,  1,1,0,0,1,0,1,0,1
 54,55, -1,1,1,0,1,0,0,1,0
 64,55,  9,1,1,1,1,1,0,1,1
 61,55,  6,1,0,0,1,1,0,0,0
 68,55, 13,0,0,3,1,0,1,0,1
 56,55,  1,0,0,3,1,0,0,1,0
 59,55,  4,1,1,3,1,0,0,1,1
 54,55, -1,1,1,1,1,0,0,1,0
 96,55, 41,1,0,2,0,0,0,1,1
 62,55,  7,1,1,3,1,0,0,1,0
 61,55,  6,1,0,1,1,1,0,0,0
 50,55, -5,1,1,0,1,0,0,0,0
 59,55,  4,0,0,3,1,1,0,1,1
 59,55,  4,1,1,3,0,0,0,0,1
 55,55, -0,1,0,1,1,0,0,0,0
 45,55,-10,1,0,1,1,1,1,1,1
 55,55,  0,1,1,3,1,1,0,1,1
 58,55,  3,1,0,1,1,0,0,1,0
 58,55,  3,1,1,1,1,0,0,1,0
 61,55,  6,1,0,1,1,0,0,1,0
 53,55, -2,1,0,0,0,0,1,1,1
 54,55, -1,1,0,1,1,0,0,1,1
 58,55,  3,1,1,0,1,0,0,0,0
 61,55,  6,1,1,2,1,1,0,1,1
 48,55, -7,1,1,1,1,0,0,1,1
 50,55, -5,0,0,3,1,0,0,1,0
 68,55, 13,1,1,0,0,0,0,0,1
 55,55,  0,1,1,1,1,0,0,1,0
 61,55,  6,1,1,3,1,0,0,0,0
 64,55,  9,1,0,1,1,0,0,1,0
 56,55,  1,0,0,3,1,0,0,1,0
 51,55, -4,1,0,0,1,0,0,1,0
 65,55, 10,1,0,0,1,0,0,1,0
 58,55,  3,0,0,3,1,1,0,1,1
 55,55, -0,0,0,3,1,0,0,0,0
 49,55, -6,1,1,3,1,0,0,1,0
 46,55, -9,0,0,3,1,1,0,1,1
 68,55, 13,1,0,1,1,0,0,0,0
 64,55,  9,0,0,3,1,0,0,1,1
 47,55, -8,0,0,3,1,0,0,0,1
 61,55,  6,1,1,1,1,0,0,1,0
 62,55,  7,1,0,1,1,0,0,0,0
 52,55, -3,1,1,3,1,0,0,1,1
 47,55, -8,1,0,1,1,0,0,0,1
 52,55, -3,1,1,3,1,0,0,1,0
 57,55,  2,1,0,1,1,0,0,1,0
 50,55, -5,1,0,1,1,1,0,1,1
 56,55,  1,1,1,3,1,0,0,1,0
 65,55, 10,1,1,3,1,0,0,1,1
 55,55, -0,1,0,2,0,1,1,1,1
 61,55,  6,1,0,0,1,0,0,0,0
 51,55, -4,0,0,3,1,0,0,1,0
 61,55,  6,1,0,1,1,0,0,1,1
 57,55,  2,1,0,1,1,0,0,1,0
 51,55, -4,1,0,2,1,0,0,1,0
 93,55, 38,1,0,2,1,0,0,1,1
 58,55,  3,1,0,1,1,1,1,1,1
 53,55, -2,1,0,1,1,0,0,1,0
 51,55, -4,1,0,1,1,0,0,1,0
 52,55, -3,0,0,3,1,0,0,1,1
 55,55, -0,0,0,3,1,1,1,1,1
 58,55,  3,1,1,3,1,0,1,1,1
 54,55, -1,1,1,3,1,0,0,1,0
 58,55,  3,1,0,1,1,0,0,1,0
 56,55,  1,0,0,3,1,0,0,1,0
 67,55, 12,1,0,2,1,1,0,0,1
 61,55,  6,1,0,0,1,1,0,1,1
 62,55,  7,1,0,1,1,0,0,0,0
 45,55,-10,1,1,0,1,1,0,1,1
 61,55,  6,1,0,0,1,0,0,1,0
 54,55, -1,1,1,2,1,0,0,1,1
 61,55,  6,0,0,3,1,0,0,1,1
 49,55, -6,1,1,0,1,1,0,1,1
 64,55,  9,1,1,1,1,0,0,1,1
 74,55, 19,1,0,2,1,0,0,0,1
 65,55, 10,0,0,3,1,0,0,1,0
 58,55,  3,0,0,3,1,0,0,1,0
 49,55, -6,0,0,3,1,0,1,1,1
 58,55,  3,0,0,3,1,0,0,1,0
 67,55, 12,1,1,3,1,0,0,1,1
 56,55,  1,1,1,3,1,0,1,1,1
 57,55,  2,1,1,3,1,0,0,1,0
 62,55,  7,0,0,3,1,1,0,0,0
 63,55,  8,1,1,1,1,1,0,0,0
 58,55,  3,1,1,2,1,0,0,1,0
 68,55, 13,1,0,1,1,0,0,1,0
 63,55,  8,1,1,1,1,0,0,1,0
 55,55,  0,1,0,1,1,0,0,1,1
 43,55,-12,0,0,3,1,0,0,1,1
 63,55,  8,1,0,1,1,0,0,0,0
 52,55, -3,1,1,3,1,0,0,1,0
 49,55, -6,1,1,1,1,1,1,1,1
 48,55, -7,1,0,1,1,1,0,1,1
 54,55, -1,1,1,3,1,0,0,1,0
 50,55, -5,1,1,0,1,0,0,0,0
 61,55,  6,0,0,3,1,0,0,1,0
 56,55,  1,1,0,0,1,1,0,1,1
 57,55,  2,1,1,1,1,0,0,1,0
 62,55,  7,0,0,3,1,0,0,1,1
 58,55,  3,1,0,0,1,0,0,1,0
 70,55, 15,1,0,1,1,0,0,0,0
 69,55, 14,1,1,0,1,0,0,1,1
 54,55, -1,1,0,1,1,0,1,0,1
 64,55,  9,1,0,1,1,1,0,1,1
 52,55, -3,0,0,3,1,0,1,1,1
 56,55,  1,0,0,3,1,0,0,0,0
 58,55,  3,1,1,1,1,0,0,0,0
 54,55, -1,1,0,1,1,0,0,0,0
 66,55, 11,1,0,0,1,0,0,1,1
 74,55, 19,1,0,2,1,1,0,1,1
 55,55,  0,0,0,3,1,0,0,1,0
 51,55, -4,1,0,1,1,0,1,0,0
 55,55,  0,1,1,1,1,0,0,1,1
 44,55,-11,1,1,0,1,0,0,0,0
 66,55, 11,1,1,2,1,0,0,1,1
 68,55, 13,1,0,0,1,0,0,1,0
 67,55, 12,1,0,1,1,1,0,1,1
 57,55,  2,1,1,1,1,0,1,1,1
 60,55,  5,1,1,1,1,1,0,1,1
 69,55, 14,1,1,3,1,0,0,1,1
 44,55,-11,1,1,1,1,0,0,1,1
 49,55, -6,0,0,3,1,0,1,1,1
 55,55, -0,1,1,1,1,0,1,0,0
 55,55,  0,1,1,3,1,0,0,1,0
 65,55, 10,1,0,1,1,1,0,1,1
 51,55, -4,1,0,1,1,1,0,1,1
 54,55, -1,1,0,2,1,0,0,0,0
 67,55, 12,1,1,1,1,0,0,1,1
 47,55, -8,1,1,3,1,0,1,1,1
 53,55, -2,1,1,1,1,1,1,1,1
 60,55,  5,1,1,1,1,0,0,1,1
 58,55,  3,1,1,2,1,0,0,1,0
 52,55, -3,1,0,1,1,0,0,1,0
 68,55, 13,1,0,0,1,0,1,0,1
 66,55, 11,1,0,0,1,1,0,1,1
 55,55,  0,1,1,1,1,0,1,1,1
 59,55,  4,0,0,3,1,1,1,0,1
 62,55,  7,0,0,3,1,0,0,0,0
 51,55, -4,1,0,1,1,0,0,1,0
 53,55, -2,1,1,3,1,0,0,1,0
 60,55,  5,1,0,0,1,0,0,0,0
 54,55, -1,1,1,3,1,0,0,0,0
 68,55, 13,1,1,1,1,0,1,0,1
 57,55,  2,1,1,3,0,1,0,0,1
 64,55,  9,1,0,1,1,0,0,1,1
 57,55,  2,1,1,3,1,0,1,1,1
 54,55, -1,1,1,3,1,0,0,1,0
 60,55,  5,1,1,3,1,1,0,1,1
 54,55, -1,1,1,3,1,1,0,1,1
 57,55,  2,1,0,1,1,0,0,1,0
 50,55, -5,1,1,2,1,0,0,1,1
 56,55,  1,1,0,0,1,1,0,1,1
 62,55,  7,1,0,1,1,0,0,0,0
 54,55, -1,1,1,1,1,0,0,0,0
 44,55,-11,1,0,0,1,0,0,1,1
 70,55, 15,0,0,3,1,0,0,1,0
 43,55,-12,1,0,2,1,1,0,1,1
 67,55, 12,1,1,1,1,1,0,1,1
 59,55,  4,1,0,1,1,0,0,1,0
 63,55,  8,1,1,1,0,0,0,1,1
 61,55,  6,1,1,1,1,0,0,1,1
 64,55,  9,1,1,1,1,0,0,1,1
 55,55, -0,1,1,1,1,1,1,1,1
 79,55, 24,1,1,2,1,0,0,0,1
 82,55, 27,1,1,2,1,1,0,1,1
 48,55, -7,1,1,1,1,1,1,0,1
 40,55,-15,1,1,1,1,0,0,1,0
 58,55,  3,1,1,1,1,1,0,1,1
 55,55, -0,1,1,3,1,0,0,1,0
 64,55,  9,1,0,1,0,0,1,1,1
 57,55,  2,0,0,3,1,1,0,1,1
 44,55,-11,1,0,1,1,1,0,1,1
 53,55, -2,1,0,1,1,0,0,1,0
 59,55,  4,0,0,3,1,0,0,1,0
 59,55,  4,1,0,0,1,0,0,1,1
 69,55, 14,1,0,1,1,0,0,1,0
 51,55, -4,1,0,0,1,1,0,1,1
 70,55, 15,0,0,3,0,0,0,1,1
 63,55,  8,1,0,1,1,0,0,0,0
 64,55,  9,0,0,3,1,0,0,0,0
 58,55,  3,1,0,1,1,1,0,0,0
 54,55, -1,1,1,1,1,1,0,0,0
 46,55, -9,1,1,3,1,0,0,1,0
 61,55,  6,1,0,1,1,0,0,1,0
 60,55,  5,1,0,1,1,0,0,0,0
 61,55,  6,1,1,3,1,0,0,1,0
 57,55,  2,1,1,1,1,0,0,1,0
 63,55,  8,1,0,1,0,1,0,0,1
 49,55, -6,0,0,3,1,0,0,1,0
 55,55,  0,1,1,3,1,0,0,1,0
 69,55, 14,0,0,3,1,0,0,1,0
 52,55, -3,0,0,3,1,0,0,0,0
 45,55,-10,0,0,3,1,0,0,1,1
 65,55, 10,1,0,0,1,1,1,1,1
 56,55,  1,1,1,3,1,0,0,1,0
 59,55,  4,1,1,1,1,0,0,1,0
 60,55,  5,1,1,0,1,0,0,1,0
 56,55,  1,1,1,1,1,0,1,1,1
 51,55, -4,0,0,3,1,0,1,1,1
 51,55, -4,1,1,1,1,0,0,1,0
 63,55,  8,0,0,3,1,0,0,1,0
 53,55, -2,1,0,0,1,0,0,1,0
 63,55,  8,1,1,1,0,0,0,1,1
 67,55, 12,0,0,3,1,1,0,1,1
 53,55, -2,1,0,1,1,0,0,1,0
 60,55,  5,1,0,1,1,0,1,0,1
 69,55, 14,1,0,1,1,0,0,1,0
 77,55, 22,1,0,2,1,0,0,0,1
 53,55, -2,0,0,3,1,0,0,1,0
 56,55,  1,1,1,1,1,0,0,1,1
 52,55, -3,1,0,1,1,0,0,0,0
 61,55,  6,1,0,1,1,0,0,1,0
 71,55, 16,1,0,2,1,0,0,0,0
 64,55,  9,1,0,2,1,0,0,0,0
 56,55,  1,1,0,1,1,0,0,1,0
 56,55,  1,1,1,1,0,0,0,1,1
 52,55, -3,1,0,1,1,1,0,1,1
 68,55, 13,1,0,2,1,1,0,0,1
 65,55, 10,1,1,1,1,1,0,1,1
 60,55,  5,0,0,3,1,1,0,0,0
 74,55, 19,0,0,3,1,1,0,1,1
 59,55,  4,1,0,1,1,0,0,1,1
 62,55,  7,1,0,0,1,0,0,1,0
 63,55,  8,1,0,1,1,1,0,1,1
 64,55,  9,1,0,1,1,0,0,1,0
 52,55, -3,0,0,3,1,1,0,1,1
 55,55,  0,1,0,1,1,0,0,1,0
 39,55,-16,1,0,2,1,0,0,1,1
 65,55, 10,1,1,0,1,0,0,1,1
 64,55,  9,1,0,1,1,1,0,1,1
 51,55, -4,1,1,1,1,0,0,1,0
 62,55,  7,1,0,1,1,0,0,0,0
 59,55,  4,0,0,3,1,0,0,0,0
 60,55,  5,1,1,1,1,0,0,0,0
 63,55,  8,1,1,3,1,1,0,1,1
 61,55,  6,1,0,0,1,1,0,1,1
 62,55,  7,1,0,0,1,0,0,1,0
 60,55,  5,1,1,3,1,0,0,0,0
 65,55, 10,1,0,1,1,0,0,1,0
 49,55, -6,1,0,1,1,0,0,1,0
 58,55,  3,1,0,0,1,0,1,1,1
 55,55, -0,0,0,3,1,0,0,0,0
 55,55,  0,1,0,2,1,1,0,1,1
 49,55, -6,1,1,1,1,0,0,1,0
 48,55, -7,1,0,0,1,1,0,1,1
 60,55,  5,0,0,3,1,0,0,1,0
 59,55,  4,0,0,3,0,0,0,1,1
 64,55,  9,1,0,1,1,1,0,1,1
 55,55,  0,1,1,1,1,0,0,1,0
 66,55, 11,1,1,3,1,0,0,1,1
 62,55,  7,0,0,3,1,0,0,1,1
 46,55, -9,1,1,1,1,1,0,1,1
 50,55, -5,1,1,1,1,0,0,1,0
 55,55,  0,1,1,3,0,1,0,0,1
 61,55,  6,1,1,0,1,0,0,1,0
 66,55, 11,1,1,3,1,0,0,0,1
 53,55, -2,1,1,3,1,1,0,1,1
 51,55, -4,1,1,1,1,0,0,1,0
 68,55, 13,1,0,0,1,0,1,1,1
 89,55, 34,1,1,2,1,0,0,1,1
 67,55, 12,1,0,1,1,1,0,1,1
 59,55,  4,0,0,3,1,1,0,1,1
 50,55, -5,1,0,2,1,0,0,0,0
 56,55,  1,1,0,0,1,0,0,1,0
 50,55, -5,1,0,1,1,0,0,1,1
 52,55, -3,1,0,2,1,0,0,1,0
 54,55, -1,1,1,3,1,0,0,1,0
 51,55, -4,0,0,3,1,0,0,0,0
 52,55, -3,1,0,1,1,0,0,1,1
 55,55,  0,1,1,2,1,0,0,1,0
 72,55, 17,0,0,3,1,0,0,1,1
 62,55,  7,0,0,3,1,0,1,0,1
 58,55,  3,0,0,3,0,0,0,1,1
 54,55, -1,1,1,3,1,1,0,1,1
 52,55, -3,1,1,3,1,0,0,1,0
 82,55, 27,1,1,2,1,0,0,1,1
 58,55,  3,1,0,1,1,0,0,0,0
 62,55,  7,0,0,3,1,0,0,0,0
 63,55,  8,1,0,1,1,0,0,1,0
 65,55, 10,1,1,3,1,0,0,0,1
 53,55, -2,1,0,0,1,0,0,1,0
 56,55,  1,1,1,3,1,0,0,1,1
 58,55,  3,1,1,0,1,0,0,0,0
 61,55,  6,1,1,3,1,0,0,1,0
 52,55, -3,0,0,3,1,0,0,0,0
 61,55,  6,0,0,3,1,0,0,1,0
 58,55,  3,0,0,3,1,0,0,1,0
 64,55,  9,1,0,1,1,0,0,0,0
 60,55,  5,0,0,3,0,0,0,0,0
 57,55,  2,1,0,1,1,1,0,1,1
 49,55, -6,1,1,3,1,0,0,1,0
 64,55,  9,0,0,3,1,0,0,1,0
 49,55, -6,1,1,0,1,1,0,1,1
 61,55,  6,1,1,3,1,0,0,1,0
 62,55,  7,1,1,3,1,0,1,1,1
 45,55,-10,0,0,3,1,0,0,1,1
 60,55,  5,1,0,1,1,0,0,1,1
 56,55,  1,1,1,3,1,0,0,1,0
 56,55,  1,1,1,0,1,0,0,1,0
 48,55, -7,1,0,2,1,1,0,0,0
 55,55, -0,1,1,1,0,0,0,1,1
 58,55,  3,1,1,1,1,0,0,1,0
 56,55,  1,0,0,3,1,0,0,0,0
 60,55,  5,1,0,1,1,0,1,0,1
 58,55,  3,1,0,1,1,0,1,0,1
 56,55,  1,0,0,3,1,0,0,0,0
 58,55,  3,1,1,1,1,1,0,0,0
 63,55,  8,0,0,3,1,0,0,1,0
 57,55,  2,0,0,3,1,1,0,1,1
 67,55, 12,1,1,1,1,0,0,1,1
 66,55, 11,1,0,1,1,1,0,1,1
 54,55, -1,1,0,1,1,0,0,1,0
 68,55, 13,1,0,2,1,0,0,0,0
 59,55,  4,1,0,1,1,0,1,1,1
 68,55, 13,1,0,2,1,0,0,1,0
 62,55,  7,1,1,1,1,0,0,0,0
 64,55,  9,1,1,3,1,0,0,1,1
 69,55, 14,1,0,2,1,0,0,0,0
 62,55,  7,1,1,0,1,0,0,1,0
 64,55,  9,0,0,3,1,0,0,0,0
 55,55,  0,1,0,1,1,0,0,1,1
 65,55, 10,1,0,1,1,0,0,1,0
 67,55, 12,1,0,1,1,0,0,1,1
 53,55, -2,0,0,3,1,0,0,1,0
 54,55, -1,1,0,0,1,1,0,0,0
 56,55,  1,1,0,1,1,0,0,1,0
 57,55,  2,1,1,1,1,1,0,1,1
 50,55, -5,1,1,1,1,1,0,1,1
 85,55, 30,1,0,2,1,0,1,0,1
 57,55,  2,1,0,1,1,1,0,1,1
 64,55,  9,1,0,0,1,0,0,1,1
 60,55,  5,1,1,3,1,1,0,1,1
 55,55,  0,0,0,3,1,1,0,0,0
 58,55,  3,1,0,1,1,0,0,1,0
 63,55,  8,1,1,1,1,0,0,1,0
 53,55, -2,1,0,0,1,0,0,1,0
 69,55, 14,1,0,0,1,1,0,1,1
 59,55,  4,1,1,3,1,0,0,0,0
 58,55,  3,1,1,1,1,0,0,1,0
 50,55, -5,1,1,1,1,0,0,0,0
 53,55, -2,0,0,3,1,0,0,1,1
 48,55, -7,1,0,2,1,0,0,0,1
 74,55, 19,1,0,2,1,0,0,1,1
 81,55, 26,1,0,2,1,0,0,0,1
 63,55,  8,1,0,1,1,0,1,0,1
 67,55, 12,1,1,3,1,0,0,1,1
 54,55, -1,0,0,3,1,0,0,1,0
 54,55, -1,0,0,3,1,0,0,1,0
 61,55,  6,1,0,1,1,1,0,1,1
 55,55, -0,1,0,1,1,0,0,0,0
 55,55,  0,1,1,1,1,0,0,0,0
 63,55,  8,1,1,3,1,0,0,1,0
 54,55, -1,1,0,1,1,1,0,1,1
 66,55, 11,1,0,1,1,1,1,1,1
 69,55, 14,1,0,0,1,0,0,1,0
 52,55, -3,0,0,3,1,1,0,1,1
 63,55,  8,1,0,1,1,0,0,1,0
 60,55,  5,1,1,1,1,1,0,1,1
 87,55, 32,1,0,2,1,0,1,1,1
 62,55,  7,1,1,3,1,0,1,0,1
 50,55, -5,1,1,1,1,0,0,0,0
 68,55, 13,1,1,0,1,0,0,1,1
 56,55,  1,0,0,3,1,0,0,0,0
 53,55, -2,1,0,1,1,1,0,1,1
 62,55,  7,1,0,1,1,0,0,1,0
 58,55,  3,1,0,1,1,0,0,1,0
 56,55,  1,1,0,2,1,1,0,0,0
 55,55,  0,0,0,3,1,0,0,1,0
 64,55,  9,1,1,3,1,1,0,0,1
 49,55, -6,1,1,3,1,1,0,1,1
 55,55, -0,0,0,3,1,1,0,0,0
 73,55, 18,1,0,2,1,0,0,0,1
 68,55, 13,1,0,0,1,1,0,1,1
 61,55,  6,1,0,1,1,0,0,0,0
 49,55, -6,1,1,1,1,0,0,0,0
 53,55, -2,1,0,1,1,0,0,1,0
 41,55,-14,1,1,1,1,0,0,1,0
 51,55, -4,1,1,3,1,1,1,0,1
 67,55, 12,0,0,3,1,0,0,1,1
 49,55, -6,1,0,0,1,0,1,1,1
 59,55,  4,1,1,1,1,1,0,1,1
 58,55,  3,1,0,2,1,0,0,1,0
 66,55, 11,1,0,1,1,0,0,1,0
 53,55, -2,1,0,0,1,1,0,1,1
 53,55, -2,1,1,0,1,0,0,1,0
 59,55,  4,1,0,1,0,0,0,1,1
 75,55, 20,1,1,2,1,1,0,1,1
 52,55, -3,1,0,1,1,0,0,0,0
 57,55,  2,1,0,1,1,0,0,1,0
 71,55, 16,1,0,1,1,0,0,1,0
 56,55,  1,1,1,2,1,0,0,0,0
 53,55, -2,1,1,0,1,1,0,1,1
 66,55, 11,1,0,0,1,0,0,1,1
 55,55, -0,1,0,1,1,0,0,0,0
 64,55,  9,1,1,1,1,0,0,1,0
 67,55, 12,1,0,2,1,0,0,1,1
 58,55,  3,0,0,3,1,1,0,1,1
 55,55, -0,1,0,1,1,0,0,1,0
 70,55, 15,1,1,0,1,0,1,1,1
 53,55, -2,1,0,0,1,0,0,1,0
 62,55,  7,1,0,1,1,0,0,1,0
 46,55, -9,1,1,1,1,0,0,1,0
 59,55,  4,0,0,3,1,0,0,1,0
 62,55,  7,1,1,3,1,1,0,1,1
 57,55,  2,1,0,1,1,0,0,1,0
 60,55,  5,1,1,3,1,0,0,1,0
 61,55,  6,1,1,3,1,0,0,1,1
 55,55,  0,1,1,1,1,0,0,1,1
 47,55, -8,0,0,3,1,0,0,1,1
 54,55, -1,1,1,3,0,0,0,1,1
 53,55, -2,0,0,3,1,1,0,1,1
 54,55, -1,1,1,1,1,0,0,1,0
 42,55,-13,1,1,0,0,0,0,1,1
 58,55,  3,1,1,0,1,0,0,1,0
 55,55, -0,1,0,1,1,0,0,1,1
 62,55,  7,1,1,1,1,0,0,1,0
 38,55,-17,1,0,1,1,0,0,1,1
 59,55,  4,1,1,1,1,0,0,0,0
 62,55,  7,1,1,1,1,0,0,1,0
 54,55, -1,0,0,3,1,1,0,1,1
 57,55,  2,1,1,1,1,0,0,1,0
 53,55, -2,1,0,1,1,0,0,0,0
 53,55, -2,1,0,1,1,0,0,0,0
 57,55,  2,0,0,3,1,0,0,0,0
 74,55, 19,0,0,3,1,1,1,1,1
 62,55,  7,1,1,3,1,1,0,0,0
 53,55, -2,0,0,3,1,0,1,0,0
 60,55,  5,1,0,0,1,1,0,1,1
 66,55, 11,1,0,1,1,0,1,0,1
 58,55,  3,1,0,0,1,0,0,1,0
 66,55, 11,1,1,1,1,0,0,1,1
 93,55, 38,1,0,2,1,1,0,1,1
 48,55, -7,1,1,3,1,0,1,1,1
 65,55, 10,0,0,3,1,0,0,1,0
 60,55,  5,1,1,3,1,0,0,1,0
 65,55, 10,0,0,3,1,0,0,1,0
 53,55, -2,0,0,3,1,0,0,1,0
 59,55,  4,1,0,1,1,1,1,0,1
 49,55, -6,1,1,1,1,0,0,1,0
 53,55, -2,1,0,0,1,0,0,0,0
 54,55, -1,1,0,0,1,0,1,1,1
 56,55,  1,1,1,1,0,0,0,1,1
 65,55, 10,1,0,1,1,0,0,1,0
 66,55, 11,0,0,3,1,0,0,1,1
 63,55,  8,1,1,3,1,1,0,1,1
 59,55,  4,1,1,2,1,0,0,1,0
 59,55,  4,1,0,1,1,0,0,0,0
 63,55,  8,1,1,1,0,0,0,1,1
 53,55, -2,1,1,3,1,0,1,1,1
 53,55, -2,1,0,2,1,0,0,1,0
 51,55, -4,0,0,3,1,0,0,0,0
 60,55,  5,1,0,1,1,0,0,1,1
 51,55, -4,1,1,1,1,0,0,1,0
 57,55,  2,1,1,1,1,0,0,1,0
 47,55, -8,1,0,1,1,0,0,1,1
 65,55, 10,1,1,0,1,0,0,0,1
 62,55,  7,1,0,1,0,0,0,0,0
 52,55, -3,1,1,1,1,0,0,0,0
 62,55,  7,1,1,1,1,0,0,1,1
 59,55,  4,0,0,3,1,0,0,1,0
 55,55,  0,1,0,1,1,0,0,1,1
 54,55, -1,1,1,3,1,1,0,1,1
 51,55, -4,1,0,0,1,0,0,1,0
 54,55, -1,0,0,3,1,0,0,1,0
 58,55,  3,1,1,3,1,1,0,1,1
 64,55,  9,0,0,3,1,0,0,0,0
 59,55,  4,1,0,2,1,0,0,1,0
 69,55, 14,0,0,3,1,1,0,1,1
 55,55,  0,0,0,3,1,0,0,1,0
 48,55, -7,0,0,3,1,1,1,1,1
 46,55, -9,0,0,3,1,0,1,1,1
 58,55,  3,1,1,3,1,0,0,1,0
 63,55,  8,1,0,1,1,1,0,1,1
 54,55, -1,1,1,3,1,1,1,1,1
 68,55, 13,1,0,2,1,0,0,1,0
 47,55, -8,1,0,1,0,0,0,1,1
 56,55,  1,1,1,3,1,0,1,1,1
 59,55,  4,1,0,0,1,0,0,1,0
 52,55, -3,1,0,1,1,0,1,1,1
 56,55,  1,1,1,1,1,0,0,1,0
 48,55, -7,1,1,3,1,1,0,1,1
 58,55,  3,1,0,1,1,0,0,0,0
 71,55, 16,1,1,1,1,1,0,1,1
 97,55, 42,1,1,2,1,0,0,0,1
 60,55,  5,1,0,1,1,0,0,1,0
 58,55,  3,1,1,1,1,0,0,1,0
 40,55,-15,1,1,2,1,0,0,1,0
 61,55,  6,1,0,0,1,0,0,1,0
 67,55, 12,1,1,1,1,0,0,0,1
 43,55,-12,1,0,1,1,1,0,1,1
 69,55, 14,1,0,1,1,0,0,1,0
 52,55, -3,1,1,0,1,0,1,1,1
 58,55,  3,1,1,2,1,0,1,0,0
 51,55, -4,1,1,0,1,0,1,1,1
 52,55, -3,1,0,1,1,0,0,1,1
 63,55,  8,1,1,1,1,0,0,1,0
 58,55,  3,0,0,3,0,0,0,1,1
 59,55,  4,0,0,3,1,0,0,0,0
 46,55, -9,1,1,3,1,0,0,1,1
 54,55, -1,1,0,1,1,0,0,1,0
 50,55, -5,0,0,3,1,1,1,1,1
 47,55, -8,1,0,1,1,0,0,1,1
 63,55,  8,1,0,1,1,0,0,1,0
 48,55, -7,1,0,1,1,0,1,1,1
 67,55, 12,1,1,3,1,0,0,1,1
 66,55, 11,1,1,1,1,0,1,1,1
 65,55, 10,0,0,3,1,0,1,1,1
 56,55,  1,0,0,3,1,0,0,1,0
 55,55,  0,1,0,1,1,0,0,1,0
 57,55,  2,0,0,3,1,1,0,1,1
 70,55, 15,0,0,3,1,1,1,0,1
 63,55,  8,1,0,0,1,0,0,1,0
 66,55, 11,1,0,0,1,0,1,1,1
 56,55,  1,1,1,1,1,0,0,1,0
 60,55,  5,1,1,1,1,0,0,1,0
 53,55, -2,1,0,2,1,0,0,1,0
 70,55, 15,1,0,0,1,0,0,1,0
 58,55,  3,0,0,3,1,0,1,1,1
 55,55,  0,1,0,1,1,0,0,0,0
 64,55,  9,1,0,1,1,0,0,1,0
 49,55, -6,1,0,1,1,0,0,0,0
 50,55, -5,1,1,1,1,0,0,0,0
 68,55, 13,0,0,3,1,0,0,0,0
 57,55,  2,1,1,1,1,0,0,1,0
 53,55, -2,1,0,1,1,0,0,1,0
 62,55,  7,1,1,3,1,1,0,1,1
 54,55, -1,1,1,0,1,0,0,1,0
 57,55,  2,1,0,1,1,0,0,0,0
 64,55,  9,1,0,1,1,1,0,1,1
 54,55, -1,1,0,1,1,0,0,1,0
 66,55, 11,1,1,0,1,0,0,1,1
 71,55, 16,1,1,3,1,0,0,1,1
 66,55, 11,0,0,3,1,0,0,1,1
 66,55, 11,1,0,1,1,0,1,1,1
 60,55,  5,1,1,3,1,1,0,1,1
 57,55,  2,1,0,1,1,0,0,1,0
 69,55, 14,1,0,1,1,0,0,1,1
 76,55, 21,1,1,0,1,0,0,1,1
 55,55,  0,1,1,3,1,0,1,1,1
 64,55,  9,1,0,1,1,1,0,1,1
 59,55,  4,0,0,3,1,0,0,1,0
 50,55, -5,1,1,1,1,0,0,0,0
 53,55, -2,1,1,3,1,0,0,1,0
 71,55, 16,0,0,3,1,1,1,1,1
 60,55,  5,1,1,1,1,1,0,1,1
 60,55,  5,1,0,0,1,0,0,1,0
 57,55,  2,1,1,3,1,0,0,0,0
 54,55, -1,1,0,2,1,0,1,0,0
 52,55, -3,1,0,1,1,0,0,1,0
 59,55,  4,1,0,1,1,1,0,1,1
 61,55,  6,0,0,3,1,0,0,1,0
 53,55, -2,1,0,1,1,0,0,0,0
 60,55,  5,1,1,0,1,0,0,1,1
 64,55,  9,1,0,1,0,1,0,1,1
 59,55,  4,1,0,1,1,0,0,1,0
 54,55, -1,1,0,1,1,0,0,1,0
 52,55, -3,1,0,1,1,0,0,0,0
 54,55, -1,1,1,1,1,0,1,1,1
 66,55, 11,1,1,1,1,0,0,0,1
 66,55, 11,1,1,3,1,0,0,1,1
 66,55, 11,0,0,3,1,0,0,1,0
 66,55, 11,1,1,1,1,1,0,1,1
 50,55, -5,0,0,3,1,0,0,1,0
 70,55, 15,0,0,3,1,0,0,0,0
 61,55,  6,1,0,1,1,0,0,1,1
 51,55, -4,0,0,3,1,1,0,0,0
 43,55,-12,1,1,0,1,0,1,1,1
 58,55,  3,1,1,1,1,0,0,0,0
 47,55, -8,1,1,1,1,1,0,1,1
 53,55, -2,1,1,1,1,1,0,1,1
 64,55,  9,1,0,1,1,1,0,0,1
 52,55, -3,1,1,1,1,1,0,1,1
 67,55, 12,0,0,3,1,0,0,0,0
 50,55, -5,1,1,1,0,0,0,1,1
 55,55, -0,1,1,0,1,0,0,1,0
 54,55, -1,1,1,1,1,0,0,1,0
 55,55,  0,1,1,0,1,0,0,1,0
 54,55, -1,1,1,0,1,0,0,1,1
 59,55,  4,1,0,1,1,0,1,1,1
 58,55,  3,1,1,3,1,0,0,1,0
 64,55,  9,1,1,3,1,1,0,1,1
 59,55,  4,1,1,3,1,0,0,1,0
 59,55,  4,0,0,3,1,0,0,1,0
 61,55,  6,1,0,0,1,0,1,1,1
 55,55,  0,1,1,3,1,0,0,1,0
 42,55,-13,1,1,3,1,0,0,1,0
 55,55,  0,1,1,3,1,1,0,1,1
 60,55,  5,1,0,1,1,0,1,0,1
 50,55, -5,1,1,3,1,0,1,1,1
 64,55,  9,1,1,0,1,0,0,1,1
 54,55, -1,1,0,1,1,1,0,1,1
 45,55,-10,1,0,2,1,0,0,1,1
 67,55, 12,0,0,3,1,1,0,1,1
 57,55,  2,1,0,0,1,0,0,1,0
 62,55,  7,1,1,1,1,1,0,1,1
 51,55, -4,1,0,1,1,0,0,1,0
 51,55, -4,1,0,2,1,0,1,1,1
 55,55, -0,0,0,3,1,0,1,1,1
 60,55,  5,1,0,0,1,0,1,1,1
 66,55, 11,1,0,1,1,0,1,0,1
 55,55, -0,1,0,0,1,0,0,1,0
 51,55, -4,0,0,3,1,0,0,0,0
 60,55,  5,1,1,3,1,0,0,0,0
 46,55, -9,1,1,1,1,1,0,0,0
 56,55,  1,1,1,3,1,0,0,0,0
 64,55,  9,1,1,1,1,0,0,0,0
 71,55, 16,0,0,3,1,0,0,1,0
 55,55, -0,1,1,3,1,0,0,1,0
 68,55, 13,1,0,1,1,0,0,0,0
 49,55, -6,0,0,3,1,0,0,1,0
 55,55,  0,1,0,1,1,1,0,1,1
 59,55,  4,1,1,2,1,0,0,0,0
 70,55, 15,1,1,1,1,0,0,1,1
 61,55,  6,1,1,1,1,0,0,1,1
 57,55,  2,1,1,3,1,1,0,1,1
 61,55,  6,1,0,1,1,0,0,1,0
 52,55, -3,1,1,3,1,1,0,1,1
 55,55, -0,1,1,2,1,0,0,0,0
 46,55, -9,0,0,3,1,0,0,1,1
 40,55,-15,1,0,2,1,0,0,1,1
 33,55,-22,1,1,2,1,1,0,1,1
 52,55, -3,1,0,0,1,0,0,0,0
 50,55, -5,1,1,3,1,0,0,1,0
 69,55, 14,1,0,0,1,1,0,1,1
 58,55,  3,1,1,1,1,0,1,1,1
 51,55, -4,1,0,2,0,0,1,1,1
 46,55, -9,1,1,2,1,0,1,0,1
 59,55,  4,1,1,3,1,0,0,0,0
 67,55, 12,1,0,2,0,0,1,1,1
 61,55,  6,1,0,1,1,0,0,0,0
 61,55,  6,1,0,1,1,0,0,0,0
 63,55,  8,1,0,1,1,1,1,1,1
 71,55, 16,1,0,1,1,0,0,1,0
 55,55, -0,1,0,1,1,0,0,1,0
 56,55,  1,0,0,3,1,1,0,1,1
 49,55, -6,1,1,1,1,0,0,1,1
 73,55, 18,1,1,2,1,0,0,1,1
 63,55,  8,0,0,3,1,1,0,1,1
 58,55,  3,1,0,1,1,0,0,1,1
 57,55,  2,1,0,1,1,0,0,1,1
 58,55,  3,1,0,1,1,1,0,1,1
 53,55, -2,1,1,0,1,0,0,1,1
 47,55, -8,1,0,1,1,0,0,1,1
 61,55,  6,1,0,0,1,0,0,1,1
 59,55,  4,1,1,1,1,0,0,1,0
 57,55,  2,1,1,3,1,0,0,1,1
 55,55, -0,1,1,1,1,0,0,1,0
 62,55,  7,0,0,3,1,0,0,1,0
 64,55,  9,1,1,3,1,1,0,1,1
 60,55,  5,0,0,3,1,0,1,1,1
 67,55, 12,0,0,3,1,0,0,1,0
 61,55,  6,1,0,0,1,1,0,0,0
 50,55, -5,1,1,3,1,1,0,1,1
 81,55, 26,1,1,2,1,0,0,1,1
 52,55, -3,1,0,2,1,0,0,1,0
 58,55,  3,1,1,3,1,1,0,1,1
 58,55,  3,1,1,3,1,0,0,1,0
 56,55,  1,1,0,0,1,0,0,0,0
 68,55, 13,1,0,1,1,0,0,1,1
 60,55,  5,1,0,1,1,0,0,1,0
 43,55,-12,0,0,3,1,0,0,1,1
 65,55, 10,0,0,3,1,0,1,1,1
 63,55,  8,1,0,1,1,0,0,1,0
 64,55,  9,1,1,0,1,0,0,0,0
 60,55,  5,1,1,3,1,0,0,1,0
 63,55,  8,1,0,2,1,1,0,1,1
 74,55, 19,1,0,0,1,0,0,0,1
 60,55,  5,1,1,1,1,0,0,0,0
 60,55,  5,1,1,3,1,1,0,1,1
 86,55, 31,1,1,2,1,1,0,0,1
 63,55,  8,0,0,3,1,0,0,1,0
 57,55,  2,1,0,0,1,0,0,1,0
 65,55, 10,1,0,2,1,0,0,1,1
 51,55, -4,0,0,3,1,0,0,1,0
 47,55, -8,1,1,3,1,1,0,1,1
 47,55, -8,0,0,3,1,0,0,1,1
 53,55, -2,1,1,1,1,0,0,1,0
 66,55, 11,1,0,0,1,0,0,1,0
 53,55, -2,0,0,3,1,0,0,1,0
 63,55,  8,1,1,3,1,0,0,1,1
 55,55, -0,1,1,0,1,0,0,1,0
 61,55,  6,1,0,1,1,1,0,1,1
 57,55,  2,1,0,1,1,0,1,0,1
 55,55, -0,1,1,1,1,0,0,1,1
 60,55,  5,0,0,3,1,0,0,1,0
 33,55,-22,1,0,2,1,1,0,1,1
 64,55,  9,1,1,1,1,0,0,0,0
 39,55,-16,1,1,1,1,0,0,1,0
 61,55,  6,1,0,1,1,0,0,0,0
 57,55,  2,1,0,1,1,0,0,0,0
 54,55, -1,0,0,3,1,0,0,0,0
 88,55, 33,1,1,2,1,0,0,1,1
 62,55,  7,1,1,3,1,0,0,0,0
 64,55,  9,1,1,3,1,0,0,1,0
 66,55, 11,1,0,2,1,0,0,1,0
 56,55,  1,0,0,3,1,0,0,0,0
 54,55, -1,1,1,2,1,0,0,0,0
 62,55,  7,0,0,3,1,1,0,0,0
 60,55,  5,1,1,1,1,0,0,1,0
 53,55, -2,1,0,1,1,0,0,1,0
 55,55,  0,1,0,1,1,0,1,1,1
 61,55,  6,0,0,3,1,1,0,1,1
 43,55,-12,0,0,3,1,0,0,1,1
 66,55, 11,1,0,1,1,1,0,1,1
 57,55,  2,1,1,3,1,0,0,0,0
 92,55, 37,1,0,2,1,0,0,0,1
 54,55, -1,1,0,1,1,0,0,1,0
 47,55, -8,1,0,1,1,1,0,1,1
 64,55,  9,0,0,3,1,0,1,0,1
 60,55,  5,1,1,3,1,0,0,1,1
 88,55, 33,1,0,2,1,0,0,1,1
 52,55, -3,1,0,1,1,0,1,1,1
 60,55,  5,1,1,3,1,0,0,1,1
 49,55, -6,1,0,1,1,1,1,0,1
 64,55,  9,1,1,3,1,0,0,1,0
 59,55,  4,1,0,1,1,0,0,0,0
 36,55,-19,1,1,2,1,0,1,1,1
 63,55,  8,0,0,3,1,0,0,0,0
 56,55,  1,1,0,1,1,1,0,1,1
 62,55,  7,1,1,1,1,0,0,1,0
 49,55, -6,1,0,1,1,0,0,1,0
 58,55,  3,1,0,1,1,0,0,1,0
 50,55, -5,1,1,3,1,1,0,0,0
 49,55, -6,1,0,1,1,1,0,1,1
 62,55,  7,1,0,0,1,0,0,1,0
 61,55,  6,1,1,3,1,0,0,1,0
 58,55,  3,1,0,0,1,0,0,0,0
 63,55,  8,0,0,3,1,0,0,1,0
 56,55,  1,1,1,1,1,1,0,1,1
 61,55,  6,1,0,1,1,0,0,0,0
 67,55, 12,1,0,0,1,0,0,1,0
 53,55, -2,1,1,3,1,0,1,1,1
 45,55,-10,1,0,0,1,0,0,1,1
 61,55,  6,1,1,3,1,1,0,0,0
 58,55,  3,1,1,1,1,0,0,1,1
 51,55, -4,1,1,1,1,0,0,1,0
109,55, 54,1,1,2,1,0,0,1,1
 35,55,-20,1,1,2,1,0,0,1,0
 61,55,  6,1,0,1,1,0,0,1,0
 52,55, -3,1,0,0,1,0,0,1,1
 55,55,  0,1,0,1,1,0,0,0,0
 50,55, -5,1,0,0,1,0,1,1,1
 71,55, 16,1,1,3,1,0,0,1,1
 54,55, -1,0,0,3,1,0,0,1,0
 68,55, 13,1,1,1,1,0,0,1,1
 55,55, -0,1,1,1,1,0,0,1,0
 62,55,  7,1,0,1,1,1,0,1,1
 58,55,  3,1,0,1,1,0,0,1,0
 54,55, -1,0,0,3,1,0,0,1,0
 58,55,  3,1,1,1,1,0,0,1,1
 63,55,  8,1,0,1,1,0,0,1,0
 57,55,  2,1,1,1,1,0,0,1,1
 57,55,  2,0,0,3,1,1,0,1,1
 60,55,  5,0,0,3,1,0,0,1,0
 51,55, -4,1,1,2,1,1,0,1,1
 62,55,  7,0,0,3,1,0,0,1,1
 61,55,  6,1,1,1,1,0,0,0,0
 52,55, -3,1,0,0,1,0,0,1,0
 54,55, -1,1,1,3,1,1,0,0,0
 53,55, -2,1,1,3,1,0,0,1,0
 62,55,  7,1,0,1,1,0,0,1,0
 67,55, 12,1,1,1,1,0,0,1,1
 47,55, -8,1,1,3,1,0,0,1,0
 60,55,  5,1,1,3,1,1,0,1,1
 64,55,  9,1,0,0,1,0,0,1,0
 58,55,  3,1,1,1,1,0,0,0,0
 66,55, 11,1,0,1,1,0,0,1,0
 65,55, 10,0,0,3,1,0,0,1,1
 54,55, -1,1,1,1,1,0,1,1,1
 65,55, 10,0,0,3,1,0,0,0,0
 54,55, -1,1,1,3,1,0,0,0,0
 54,55, -1,0,0,3,1,0,0,1,0
 57,55,  2,0,0,3,1,0,0,1,1
 51,55, -4,1,0,0,1,0,0,0,0
 48,55, -7,1,0,1,1,0,0,1,1
 54,55, -1,0,0,3,1,0,0,1,0
 63,55,  8,1,0,1,0,1,0,1,1
 63,55,  8,1,1,1,0,0,0,1,1
 60,55,  5,1,0,0,1,0,0,0,0
 60,55,  5,1,1,1,1,1,0,0,0
 66,55, 11,1,1,1,1,0,0,1,1
 53,55, -2,1,0,1,0,1,0,1,1
 77,55, 22,1,1,2,1,0,0,1,1
 59,55,  4,0,0,3,1,0,0,0,0
 54,55, -1,1,0,1,1,0,0,1,0
 53,55, -2,1,0,1,1,0,0,1,0
 61,55,  6,1,1,0,1,0,0,1,0
 64,55,  9,0,0,3,1,0,0,1,0
 48,55, -7,1,1,1,1,1,0,1,1
 68,55, 13,1,0,1,1,1,0,1,1
 57,55,  2,1,0,1,1,0,0,1,1
 61,55,  6,1,0,1,1,1,0,1,1
 65,55, 10,1,1,0,1,0,0,0,1
 62,55,  7,1,1,3,1,0,0,1,0
 56,55,  1,1,1,3,1,0,0,1,1
 59,55,  4,1,1,1,1,0,0,0,0
 51,55, -4,0,0,3,1,0,0,1,0
 64,55,  9,1,1,0,1,0,0,1,1
 59,55,  4,1,0,1,1,0,0,0,0
 73,55, 18,1,0,1,1,1,0,1,1
 61,55,  6,0,0,3,1,1,1,1,1
 63,55,  8,1,0,0,1,0,0,1,1
 64,55,  9,0,0,3,1,1,0,1,1
 53,55, -2,1,0,1,1,0,0,1,0
 61,55,  6,0,0,3,1,0,0,1,0
 76,55, 21,1,1,2,1,0,0,0,1
 64,55,  9,0,0,3,1,0,0,1,0
 55,55,  0,1,1,3,0,0,0,1,1
 58,55,  3,1,0,1,1,0,0,1,1
 62,55,  7,0,0,3,1,1,0,1,1
 54,55, -1,1,0,1,1,0,0,1,0
 41,55,-14,1,1,2,1,0,0,1,1
 60,55,  5,1,1,3,1,0,0,1,0
 50,55, -5,1,1,0,1,1,0,1,1
 55,55,  0,1,1,1,1,0,0,1,0
 55,55, -0,1,0,1,1,0,0,1,0
 58,55,  3,1,0,1,1,0,0,1,0
 47,55, -8,1,0,1,1,0,1,1,1
 53,55, -2,1,0,1,0,0,0,1,1
 54,55, -1,1,0,1,1,0,0,1,0
 68,55, 13,0,0,3,1,0,0,1,0
 68,55, 13,0,0,3,1,0,0,1,1
 73,55, 18,1,1,3,1,0,1,1,1
 57,55,  2,1,1,1,1,0,0,0,0
 55,55,  0,0,0,3,1,0,0,1,0
 63,55,  8,0,0,3,1,0,0,1,0
 65,55, 10,1,1,3,1,0,0,0,1
 52,55, -3,1,1,3,1,0,0,1,0
 59,55,  4,0,0,3,1,0,0,1,0
 61,55,  6,1,1,3,1,0,0,1,0
 66,55, 11,1,1,1,1,0,0,1,1
 61,55,  6,1,1,3,1,0,0,1,0
 60,55,  5,0,0,3,1,1,0,1,1
 66,55, 11,1,1,1,1,0,0,1,1
 49,55, -6,1,0,1,1,0,0,0,0
 70,55, 15,1,0,2,1,0,0,1,1
 52,55, -3,1,1,1,0,1,0,0,1
 54,55, -1,0,0,3,1,0,0,1,1
 51,55, -4,1,0,2,1,0,0,1,0
 58,55,  3,0,0,3,1,0,0,1,0
 52,55, -3,1,1,3,1,0,0,1,0
 61,55,  6,1,1,1,1,0,0,1,1
 42,55,-13,1,1,1,0,0,1,1,1
 58,55,  3,0,0,3,1,0,0,0,0
 63,55,  8,1,0,1,1,0,0,1,1
 39,55,-16,1,0,2,1,0,0,1,1
 67,55, 12,1,1,1,1,0,0,1,1
 59,55,  4,1,0,0,1,0,0,1,0
 67,55, 12,1,0,1,1,1,0,1,1
 62,55,  7,0,0,3,1,1,0,1,1
 57,55,  2,1,1,3,1,0,0,1,0
 51,55, -4,1,0,1,1,0,0,1,0
 54,55, -1,1,0,1,1,0,0,1,0
 55,55, -0,1,1,1,1,0,0,1,0
 53,55, -2,0,0,3,1,0,0,1,0
 56,55,  1,1,0,0,1,0,0,1,1
 60,55,  5,1,1,1,1,0,1,1,1
 58,55,  3,1,1,0,1,0,0,1,0
 61,55,  6,0,0,3,1,1,0,1,1
 56,55,  1,1,0,2,1,0,0,1,0
 65,55, 10,1,1,2,1,0,0,0,1
 69,55, 14,1,1,1,1,0,1,1,1
 64,55,  9,1,1,3,1,1,0,1,1
 51,55, -4,1,0,1,1,1,0,1,1
 65,55, 10,1,1,1,1,1,0,1,1
 52,55, -3,0,0,3,1,0,1,1,1
 58,55,  3,1,0,0,1,0,0,0,0
 56,55,  1,1,1,1,1,0,0,1,0
 54,55, -1,1,0,1,1,0,0,1,0
 60,55,  5,1,0,1,0,0,0,1,1
 64,55,  9,0,0,3,1,0,0,1,0
 61,55,  6,0,0,3,1,1,1,1,1
 57,55,  2,1,0,0,1,0,0,1,0
 66,55, 11,1,1,2,1,1,0,0,1
 87,55, 32,1,1,2,1,1,0,0,1
 56,55,  1,0,0,3,1,0,0,1,0
 64,55,  9,1,1,1,1,0,1,1,1
 38,55,-17,1,0,2,1,0,0,1,1
 54,55, -1,1,1,3,1,0,1,0,0
 63,55,  8,0,0,3,0,0,0,1,1
 57,55,  2,0,0,3,1,0,0,1,0
 50,55, -5,0,0,3,1,0,0,0,0
 66,55, 11,1,1,1,1,0,1,1,1
 66,55, 11,0,0,3,1,0,0,1,0
 58,55,  3,1,1,1,1,1,1,1,1
 66,55, 11,1,1,1,1,0,0,1,1
 58,55,  3,1,0,1,1,0,1,1,1
 65,55, 10,0,0,3,1,0,0,0,0
 56,55,  1,1,0,1,1,1,0,1,1
 72,55, 17,0,0,3,1,0,0,1,1
 58,55,  3,0,0,3,1,0,0,0,0
 70,55, 15,1,1,3,0,0,1,1,1
 57,55,  2,0,0,3,1,0,0,0,0
 55,55, -0,1,1,3,1,0,0,1,1
 49,55, -6,0,0,3,1,0,0,0,0
 48,55, -7,1,0,0,1,0,0,0,1
 59,55,  4,1,0,0,1,0,0,1,0
 53,55, -2,1,0,1,1,0,0,1,0
 64,55,  9,0,0,3,1,0,0,1,0
 50,55, -5,1,1,1,1,1,0,1,1
 62,55,  7,1,1,3,1,0,1,1,1
 59,55,  4,1,0,1,1,0,0,1,0
 59,55,  4,0,0,3,1,0,0,1,1
 45,55,-10,1,0,1,1,0,0,1,1
 60,55,  5,1,0,1,1,0,0,1,1
 69,55, 14,1,0,1,1,0,1,1,1
 50,55, -5,1,1,1,1,1,0,1,1
 57,55,  2,1,1,3,1,0,0,0,0
 56,55,  1,1,0,1,0,0,1,1,1
 56,55,  1,1,1,1,1,0,1,1,1
 58,55,  3,0,0,3,1,0,1,1,1
 61,55,  6,1,0,1,1,0,0,1,1
 58,55,  3,1,1,1,1,0,0,1,0
 71,55, 16,1,0,1,1,1,0,0,1
 52,55, -3,0,0,3,1,0,0,0,0
 62,55,  7,1,1,0,1,0,0,0,0
 64,55,  9,1,1,3,1,0,0,0,0
 46,55, -9,1,1,1,1,1,0,1,1
 50,55, -5,0,0,3,1,0,0,1,0
 51,55, -4,1,1,1,1,1,0,1,1
 47,55, -8,1,1,0,1,0,1,0,1
 57,55,  2,1,1,3,1,0,0,1,0
 63,55,  8,1,0,0,1,0,0,1,1
 67,55, 12,0,0,3,1,0,0,1,0
 58,55,  3,1,1,0,1,0,0,0,0
 56,55,  1,1,0,1,1,0,0,0,0
 64,55,  9,1,0,1,1,0,0,0,0
 50,55, -5,1,0,1,1,0,0,1,0
 70,55, 15,1,1,2,1,0,1,1,1
 66,55, 11,1,0,1,1,0,0,1,0
 53,55, -2,1,1,2,1,0,0,1,0
 57,55,  2,0,0,3,0,1,1,1,1
 54,55, -1,0,0,3,1,0,0,1,1
 62,55,  7,1,0,1,1,0,0,0,0
 55,55,  0,1,0,1,1,0,0,1,0
 76,55, 21,1,0,2,1,1,1,1,1
 52,55, -3,1,0,1,1,1,0,0,0
 61,55,  6,1,1,1,1,0,0,1,0
 60,55,  5,0,0,3,1,0,0,1,1
 44,55,-11,1,0,2,1,0,0,1,1
 48,55, -7,1,1,1,1,0,0,1,0
 39,55,-16,1,0,1,1,0,0,1,1
 39,55,-16,1,0,2,1,0,0,1,1
 64,55,  9,0,0,3,1,1,1,0,1
 52,55, -3,1,0,1,1,0,0,1,0
 60,55,  5,1,1,1,1,0,0,1,1
 55,55, -0,1,0,2,1,0,1,0,1
 65,55, 10,1,1,3,0,0,0,1,1
 57,55,  2,1,0,0,1,0,1,0,0
 55,55,  0,1,1,1,1,1,0,0,0
 43,55,-12,1,0,1,1,0,0,1,1
 64,55,  9,1,1,1,1,0,0,1,0
 68,55, 13,1,0,1,1,0,0,0,0
 48,55, -7,1,0,1,1,0,0,0,1
 59,55,  4,0,0,3,0,0,0,0,0
 63,55,  8,1,1,3,1,0,0,1,1
 59,55,  4,1,0,1,1,0,0,1,0
 57,55,  2,1,1,0,1,0,0,1,0
 51,55, -4,1,0,1,1,0,0,1,1
 54,55, -1,1,0,0,1,0,0,0,0
 59,55,  4,0,0,3,1,0,0,0,0
 51,55, -4,0,0,3,0,1,0,0,1
 48,55, -7,1,0,2,1,0,1,1,1
 60,55,  5,0,0,3,1,0,0,0,0
 49,55, -6,1,0,2,1,1,0,1,1
 62,55,  7,1,0,1,1,1,0,1,1
 61,55,  6,1,0,1,1,0,0,0,0
 67,55, 12,0,0,3,1,0,0,1,0
 62,55,  7,0,0,3,1,0,0,0,0
 63,55,  8,1,0,1,1,0,0,1,0
 51,55, -4,0,0,3,1,0,0,0,0
 58,55,  3,1,1,3,1,0,0,1,0
 50,55, -5,1,1,2,1,0,0,0,0
 50,55, -5,0,0,3,1,0,0,1,0
 59,55,  4,0,0,3,1,0,0,0,0
 66,55, 11,1,1,0,1,0,1,1,1
 65,55, 10,1,0,2,1,0,0,1,1
 61,55,  6,0,0,3,1,0,0,1,1
 88,55, 33,1,0,2,1,0,0,1,1
 61,55,  6,1,1,3,0,0,0,1,1
 48,55, -7,1,1,3,1,0,0,1,0
 51,55, -4,1,1,1,1,0,1,0,0
 55,55,  0,1,1,1,1,0,0,1,0
 57,55,  2,1,0,1,1,0,0,1,1
 69,55, 14,0,0,3,0,0,0,1,1
 67,55, 12,1,1,0,1,1,0,0,1
 53,55, -2,1,1,1,0,0,0,1,1
 64,55,  9,0,0,3,1,0,1,1,1
 54,55, -1,0,0,3,1,0,0,0,0
 61,55,  6,1,0,2,1,0,0,1,0
 58,55,  3,1,0,1,1,0,0,1,0
 72,55, 17,1,1,3,1,1,0,1,1
 47,55, -8,0,0,3,1,0,0,1,1
 61,55,  6,1,0,1,1,0,0,1,0
 75,55, 20,1,0,2,1,0,0,1,1
 50,55, -5,1,1,2,1,0,0,1,0
 63,55,  8,0,0,3,1,0,0,1,0
 57,55,  2,1,0,1,1,1,0,0,0
 47,55, -8,0,0,3,0,1,0,1,1
 59,55,  4,0,0,3,1,0,0,1,1
 75,55, 20,1,0,2,1,0,0,1,1
 72,55, 17,1,0,2,1,0,0,1,0
 58,55,  3,1,1,1,1,0,0,1,1
 60,55,  5,1,1,3,1,0,0,0,0
 46,55, -9,1,0,1,1,0,0,1,1
 62,55,  7,1,0,0,0,1,0,0,1
 56,55,  1,0,0,3,1,1,0,0,0
 60,55,  5,1,0,0,1,0,0,1,0
 52,55, -3,1,0,2,1,1,1,1,1
 60,55,  5,1,0,0,1,0,0,1,1
 62,55,  7,0,0,3,1,0,0,0,0
 59,55,  4,0,0,3,1,1,0,1,1
 53,55, -2,1,0,2,1,1,0,0,0
 60,55,  5,1,0,1,1,0,0,1,0
 44,55,-11,1,0,0,0,1,0,1,1
 65,55, 10,1,1,3,1,0,0,1,1
 65,55, 10,1,1,1,0,0,0,0,1
 51,55, -4,1,0,1,1,0,0,1,0
 59,55,  4,1,0,1,1,0,0,1,0
 61,55,  6,1,1,3,1,0,0,1,1
 62,55,  7,0,0,3,1,1,1,0,1
 62,55,  7,1,1,3,1,0,0,1,0
 60,55,  5,1,1,3,1,0,0,1,1
 63,55,  8,1,1,1,1,1,0,1,1
 49,55, -6,1,0,1,1,0,0,1,1
 50,55, -5,1,0,1,1,0,1,1,1
 58,55,  3,0,0,3,1,0,0,1,0
 50,55, -5,1,1,2,1,0,0,1,0
 61,55,  6,1,1,1,1,0,0,1,1
 70,55, 15,1,0,1,1,1,0,1,1
 57,55,  2,1,1,3,1,0,1,1,1
 57,55,  2,1,1,1,1,0,0,1,0
 50,55, -5,1,1,1,1,1,1,1,1
 56,55,  1,0,0,3,1,0,0,1,0
 53,55, -2,1,1,1,1,0,0,1,1
 59,55,  4,1,0,1,1,0,0,0,0
 66,55, 11,1,0,1,1,1,0,0,1
 76,55, 21,1,0,1,1,0,0,1,1
 73,55, 18,1,1,1,1,1,0,1,1
 58,55,  3,1,1,1,1,1,0,1,1
 49,55, -6,0,0,3,1,0,0,1,0
 58,55,  3,1,0,0,1,0,0,0,0
 46,55, -9,0,0,3,0,0,0,0,1
 80,55, 25,1,0,2,1,1,0,1,1
 52,55, -3,1,0,1,1,0,0,1,0
 64,55,  9,1,0,1,1,1,0,0,1
 59,55,  4,1,0,0,0,0,0,1,1
 79,55, 24,1,1,2,1,0,0,1,1
 53,55, -2,1,0,1,1,0,0,1,0
 56,55,  1,1,1,3,1,0,0,1,0
 57,55,  2,0,0,3,1,0,0,1,0
 64,55,  9,1,0,1,1,0,0,0,0
 58,55,  3,1,0,1,1,0,0,0,0
 59,55,  4,1,1,0,0,0,0,1,1
 55,55, -0,1,0,1,1,0,0,0,0
 67,55, 12,0,0,3,1,1,0,1,1
 79,55, 24,1,0,2,1,1,0,0,1
 54,55, -1,1,1,1,1,0,0,0,0
 65,55, 10,0,0,3,1,0,0,1,0
 49,55, -6,1,0,1,1,1,0,1,1
 56,55,  1,0,0,3,1,1,0,1,1
 54,55, -1,1,0,1,1,0,0,1,0
 51,55, -4,1,1,0,1,0,0,0,0
 54,55, -1,1,1,0,1,0,1,0,1
 58,55,  3,1,1,1,1,0,0,1,1
 52,55, -3,1,0,2,0,0,1,1,1
 35,55,-20,1,1,2,1,0,0,1,0
 66,55, 11,1,1,1,1,0,0,1,1
 70,55, 15,1,1,1,1,0,0,1,1
 63,55,  8,1,1,1,1,1,0,0,1
 50,55, -5,1,1,3,1,0,0,1,0
 56,55,  1,1,0,1,1,0,0,1,0
 56,55,  1,1,0,0,1,0,0,1,0
 51,55, -4,1,0,1,1,0,0,1,0
 54,55, -1,1,0,1,1,0,0,1,0
 58,55,  3,0,0,3,0,0,0,0,0
 63,55,  8,1,0,0,1,1,0,1,1
 56,55,  1,0,0,3,1,0,1,1,1
 50,55, -5,1,1,3,1,0,0,1,0
 93,55, 38,1,1,2,1,0,0,1,1
 60,55,  5,1,1,1,1,0,0,0,0
 54,55, -1,1,1,3,1,0,0,1,1
 74,55, 19,1,1,0,1,0,0,1,1
 55,55, -0,1,0,1,1,0,0,0,0
 60,55,  5,1,1,1,1,0,0,1,0
 66,55, 11,1,0,1,1,0,0,1,0
 53,55, -2,1,0,1,1,0,0,1,0
 50,55, -5,1,0,1,1,0,0,1,0
 60,55,  5,1,1,1,1,0,0,0,0
 58,55,  3,1,0,1,1,0,0,0,0
 60,55,  5,1,0,0,1,0,0,1,0
 35,55,-20,1,1,2,1,0,0,1,1
 59,55,  4,1,0,1,1,1,0,0,0
 45,55,-10,1,1,0,1,0,0,1,0
 52,55, -3,0,0,3,1,0,0,1,0
 58,55,  3,1,0,1,1,0,0,1,1
 67,55, 12,1,0,1,1,0,0,1,0
 58,55,  3,0,0,3,1,0,0,1,1
 46,55, -9,1,0,1,1,0,1,1,1
 92,55, 37,1,0,2,1,0,1,1,1
 64,55,  9,0,0,3,1,0,0,1,1
 57,55,  2,1,0,0,1,0,0,1,0
 49,55, -6,1,1,0,1,0,1,1,1
 55,55, -0,1,1,2,1,0,0,1,1
 63,55,  8,1,0,1,1,1,0,1,1
 54,55, -1,1,0,1,1,0,0,1,0
 38,55,-17,1,0,2,1,0,1,1,1
 56,55,  1,1,0,1,1,0,0,0,0
 89,55, 34,1,0,2,1,0,0,1,1
 55,55,  0,1,1,3,1,0,0,0,0
 65,55, 10,1,1,1,1,1,0,0,1
 60,55,  5,0,0,3,1,0,0,1,0
 53,55, -2,1,1,0,1,0,0,1,1
 62,55,  7,1,1,1,1,1,0,1,1
 68,55, 13,1,0,2,1,0,1,0,1
 69,55, 14,0,0,3,1,1,0,1,1
 68,55, 13,1,0,1,1,0,1,1,1
 60,55,  5,0,0,3,1,0,0,1,0
 45,55,-10,1,0,2,1,0,0,1,1
 58,55,  3,1,1,1,1,0,1,1,1
 59,55,  4,1,0,1,1,1,0,1,1
 50,55, -5,1,0,0,1,0,0,0,0
 67,55, 12,1,0,0,1,0,0,1,1
 52,55, -3,1,0,1,1,0,1,0,1
 47,55, -8,0,0,3,1,0,0,1,1
 54,55, -1,1,0,0,1,0,0,0,0
 62,55,  7,1,0,1,1,1,0,1,1
 62,55,  7,1,1,3,0,0,0,1,1
 66,55, 11,1,0,1,1,0,0,1,0
 55,55,  0,1,0,0,1,0,1,1,1
 59,55,  4,1,0,0,1,0,0,1,0
 49,55, -6,1,1,0,1,1,0,1,1
 64,55,  9,1,1,1,0,1,0,1,1
 58,55,  3,0,0,3,1,0,0,1,1
 30,55,-25,1,0,2,1,0,0,1,1
 55,55,  0,1,0,1,1,0,0,0,0
 64,55,  9,1,0,1,1,0,0,1,0
 54,55, -1,1,0,1,1,1,0,0,0
 55,55, -0,1,1,1,1,0,0,1,1
 56,55,  1,1,1,1,1,0,0,1,0
 57,55,  2,1,0,1,1,0,0,0,0
 50,55, -5,1,1,3,1,1,0,1,1
 64,55,  9,1,0,2,1,1,0,1,1
 54,55, -1,1,0,1,0,0,0,1,1
 43,55,-12,0,0,3,1,0,0,1,1
 47,55, -8,1,0,0,1,0,0,0,1
 49,55, -6,1,0,0,1,0,0,1,0
 58,55,  3,1,0,1,1,0,0,1,0
 64,55,  9,1,0,1,1,0,1,1,1
 60,55,  5,0,0,3,1,0,0,1,0
 51,55, -4,1,0,1,1,0,0,1,0
 54,55, -1,0,0,3,1,0,1,0,0
 63,55,  8,0,0,3,0,0,0,1,1
 68,55, 13,1,1,1,1,0,1,1,1
 53,55, -2,1,1,3,1,0,0,1,0
 57,55,  2,1,0,1,1,0,0,1,0
 56,55,  1,1,0,0,1,0,0,1,1
 52,55, -3,1,1,3,1,0,0,1,0
 56,55,  1,1,0,1,1,0,0,1,0
 62,55,  7,1,1,3,1,0,0,1,0
 49,55, -6,1,0,1,1,1,1,1,1
 54,55, -1,1,1,1,1,0,0,1,0
 68,55, 13,1,1,0,1,0,0,1,1
 52,55, -3,1,0,1,1,1,0,1,1
 58,55,  3,0,0,3,1,0,0,1,0
 42,55,-13,1,0,0,1,0,0,0,1
 61,55,  6,1,0,0,1,1,0,1,1
 61,55,  6,0,0,3,1,0,0,0,0
 62,55,  7,1,0,1,1,0,0,1,1
 53,55, -2,1,0,1,1,0,0,0,0
 58,55,  3,1,0,1,1,0,0,1,0
 54,55, -1,0,0,3,1,1,0,1,1
 50,55, -5,1,1,1,0,0,0,1,1
 51,55, -4,0,0,3,0,0,0,1,1
 62,55,  7,1,1,3,1,0,1,0,1
 61,55,  6,1,1,3,1,0,0,1,0
 67,55, 12,1,0,2,1,0,0,0,0
 57,55,  2,1,0,0,1,0,0,1,0
 58,55,  3,1,1,3,1,0,0,1,0
 60,55,  5,1,1,0,1,1,0,1,1
 58,55,  3,0,0,3,1,0,0,1,0
 64,55,  9,1,1,1,1,0,0,1,0
 52,55, -3,1,0,1,1,0,0,1,0
 42,55,-13,1,0,2,1,0,0,1,1
 52,55, -3,1,0,1,1,0,0,0,0
 61,55,  6,0,0,3,1,0,0,1,0
 50,55, -5,0,0,3,1,0,1,1,1
 46,55, -9,1,0,2,1,1,0,1,1
 65,55, 10,0,0,3,1,0,0,1,0
 75,55, 20,1,1,1,1,1,0,0,1
 59,55,  4,0,0,3,1,0,1,0,0
 57,55,  2,1,1,3,1,1,1,1,1
 57,55,  2,1,0,0,1,0,0,1,0
 71,55, 16,1,0,2,1,0,0,0,0
 74,55, 19,1,0,0,1,0,0,1,1
 52,55, -3,1,0,2,1,0,0,1,0
 61,55,  6,1,1,1,1,0,0,1,0
 66,55, 11,1,1,1,1,1,0,1,1
 60,55,  5,1,1,1,1,0,0,1,1
 58,55,  3,1,1,3,1,0,0,0,0
 67,55, 12,1,0,1,1,0,0,1,0
 79,55, 24,1,1,2,1,0,0,0,1
 53,55, -2,1,1,1,1,0,0,1,0
 41,55,-14,1,0,2,1,0,0,1,1
 65,55, 10,0,0,3,1,0,0,1,0
 59,55,  4,1,0,1,1,0,0,0,0
 61,55,  6,0,0,3,1,0,0,1,0
 61,55,  6,1,1,1,1,0,0,0,0
 71,55, 16,1,1,2,1,0,0,0,1
 52,55, -3,0,0,3,1,0,0,0,0
 63,55,  8,1,1,1,1,0,0,1,0
 59,55,  4,0,0,3,1,0,0,1,0
 57,55,  2,1,1,1,1,0,0,1,0
 61,55,  6,0,0,3,1,0,0,1,0
 52,55, -3,0,0,3,1,0,0,1,0
 62,55,  7,1,1,1,1,0,0,1,0
 61,55,  6,1,0,1,1,1,0,1,1
 68,55, 13,0,0,3,1,0,0,0,0
 68,55, 13,1,1,1,1,0,0,1,1
 55,55, -0,0,0,3,1,1,0,0,0
 53,55, -2,0,0,3,1,0,0,1,0
 63,55,  8,0,0,3,1,1,1,0,1
 58,55,  3,1,0,1,1,1,0,0,0
 54,55, -1,1,1,1,1,0,0,1,0
 49,55, -6,1,0,1,1,0,1,1,1
 61,55,  6,0,0,3,1,1,0,1,1
 72,55, 17,0,0,3,1,0,0,1,1
 60,55,  5,1,0,1,0,0,1,0,1
 60,55,  5,1,0,2,1,1,0,1,1
 55,55, -0,1,1,3,1,0,0,1,1
 50,55, -5,1,1,3,1,0,0,1,0
 67,55, 12,1,0,1,1,1,1,1,1
 53,55, -2,1,0,1,1,0,0,1,0
 54,55, -1,1,0,1,1,0,0,1,1
 48,55, -7,1,1,1,1,0,0,1,0
 66,55, 11,1,1,1,1,0,0,1,1
 59,55,  4,1,0,1,0,0,0,0,0
 64,55,  9,1,0,0,1,1,0,0,1
 56,55,  1,0,0,3,1,0,1,1,1
 58,55,  3,1,0,1,1,1,1,1,1
 56,55,  1,1,0,1,1,0,0,1,0
 71,55, 16,1,0,1,1,0,0,1,0
 75,55, 20,1,1,0,1,0,0,1,1
 59,55,  4,1,0,1,1,1,0,0,0
 56,55,  1,1,1,1,1,1,0,1,1
 50,55, -5,1,1,1,1,0,0,0,0
 41,55,-14,0,0,3,1,0,0,1,1
 50,55, -5,1,0,1,1,0,0,1,0
 61,55,  6,0,0,3,1,0,0,1,0
 66,55, 11,0,0,3,0,1,0,1,1
 64,55,  9,0,0,3,1,0,0,1,0
 57,55,  2,0,0,3,1,0,1,1,1
 55,55,  0,1,1,2,1,1,0,0,0
 57,55,  2,1,0,1,1,0,0,0,0
 67,55, 12,1,1,1,1,0,0,1,1
 77,55, 22,1,0,0,1,1,0,1,1
 51,55, -4,1,0,1,1,0,0,0,0
 55,55,  0,0,0,3,1,0,0,1,0
 68,55, 13,0,0,3,1,0,0,0,0
 61,55,  6,1,0,1,1,1,0,1,1
 70,55, 15,1,1,3,1,0,0,1,1
 63,55,  8,1,1,1,1,0,1,1,1
 74,55, 19,1,0,2,1,1,0,1,1
 62,55,  7,1,0,1,1,0,0,1,0
 61,55,  6,1,1,3,1,0,0,1,0
 60,55,  5,0,0,3,1,0,0,1,0
 60,55,  5,1,0,0,1,0,0,1,0
 48,55, -7,0,0,3,1,1,0,0,0
 56,55,  1,1,0,0,1,0,0,1,0
 60,55,  5,0,0,3,1,0,0,1,0
 56,55,  1,1,1,1,1,0,0,1,1
 63,55,  8,1,0,1,1,0,0,1,0
 65,55, 10,1,1,1,1,1,1,0,1
 64,55,  9,1,0,1,1,1,0,1,1
 85,55, 30,1,0,2,1,1,0,1,1
 60,55,  5,1,0,2,1,0,0,1,0
 57,55,  2,1,0,1,1,0,0,1,0
 72,55, 17,1,1,2,1,0,1,1,1
 52,55, -3,1,0,1,1,0,0,1,0
 62,55,  7,1,0,1,1,1,0,1,1
 56,55,  1,1,0,1,1,0,0,1,0
 61,55,  6,0,0,3,1,0,1,1,1
 48,55, -7,1,0,1,1,0,0,1,0
 60,55,  5,1,0,1,1,0,0,1,1
 55,55,  0,0,0,3,1,0,0,1,0
 63,55,  8,1,1,2,1,1,0,1,1
 54,55, -1,1,1,1,1,0,1,1,1
 54,55, -1,1,1,3,1,0,0,1,0
 56,55,  1,1,1,3,1,0,0,1,0
 57,55,  2,1,1,1,1,0,0,1,0
 72,55, 17,1,0,1,0,1,0,1,1
 65,55, 10,0,0,3,1,0,0,1,1
 51,55, -4,0,0,3,1,1,0,1,1
 50,55, -5,1,1,1,1,0,1,1,1
 58,55,  3,1,1,3,1,0,0,1,0
 51,55, -4,1,0,1,1,0,0,1,0
 70,55, 15,1,1,1,1,0,1,1,1
 69,55, 14,1,1,1,1,0,0,1,1
 55,55,  0,0,0,3,1,1,0,1,1
 54,55, -1,0,0,3,1,0,0,0,0
 72,55, 17,1,0,0,1,0,1,1,1
 60,55,  5,0,0,3,1,0,0,1,0
 61,55,  6,0,0,3,1,0,0,1,0
 67,55, 12,1,1,1,1,0,0,0,1
 66,55, 11,1,0,2,1,1,0,1,1
 64,55,  9,1,1,1,1,0,0,1,0
 57,55,  2,1,0,0,1,0,1,0,1
 56,55,  1,1,1,1,1,0,0,1,0
 60,55,  5,0,0,3,1,0,0,1,0
 47,55, -8,1,1,3,1,0,0,1,0
 51,55, -4,1,0,0,1,0,0,1,0
 54,55, -1,1,0,0,1,0,0,0,0
 70,55, 15,0,0,3,1,0,0,1,0
 54,55, -1,1,0,0,1,0,0,1,0
 62,55,  7,1,1,1,1,0,0,0,0
 51,55, -4,1,1,1,1,0,0,1,0
 66,55, 11,1,1,1,0,0,0,0,1
 59,55,  4,1,0,1,1,0,0,1,0
 58,55,  3,1,1,1,1,0,0,0,0
 66,55, 11,1,0,1,1,0,0,1,1
 79,55, 24,1,0,2,1,0,0,1,1
 75,55, 20,1,1,1,1,0,1,1,1
 52,55, -3,0,0,3,1,1,0,1,1
 49,55, -6,1,0,2,1,0,0,0,0
 60,55,  5,1,1,1,1,0,0,1,0
 57,55,  2,0,0,3,1,1,0,1,1
 70,55, 15,0,0,3,1,0,0,1,0
 58,55,  3,1,0,1,1,0,1,1,1
 49,55, -6,1,0,1,1,0,0,1,0
 60,55,  5,1,0,1,1,0,0,1,1
 52,55, -3,1,1,1,1,0,0,1,0
 52,55, -3,0,0,3,1,0,0,1,0
 69,55, 14,1,0,2,1,1,0,0,1
 58,55,  3,1,0,1,1,0,0,1,0
 61,55,  6,1,1,1,1,0,0,0,0
 52,55, -3,0,0,3,1,0,0,1,0
 70,55, 15,1,1,0,1,0,1,1,1
 60,55,  5,0,0,3,1,0,0,0,0
 66,55, 11,1,1,1,1,0,0,0,1
 59,55,  4,0,0,3,1,0,0,0,0
 64,55,  9,1,1,3,1,0,0,1,0
 58,55,  3,1,0,1,1,1,0,1,1
 54,55, -1,1,0,1,1,0,0,1,0
 52,55, -3,1,1,3,1,1,0,0,0
 62,55,  7,1,0,1,1,0,0,1,0
 52,55, -3,1,0,0,1,0,0,1,0
 60,55,  5,0,0,3,1,1,1,1,1
 46,55, -9,0,0,3,1,0,0,1,1
 59,55,  4,1,0,0,1,0,0,1,0
 57,55,  2,0,0,3,1,0,1,1,1
 54,55, -1,1,1,0,1,1,0,1,1
 66,55, 11,1,0,1,1,0,1,0,1
 58,55,  3,1,1,1,1,0,0,0,0
 53,55, -2,1,0,1,0,0,0,1,1
 66,55, 11,1,0,1,0,0,0,1,1
 65,55, 10,1,0,1,1,1,0,1,1
 56,55,  1,1,0,1,1,0,0,1,0
 58,55,  3,1,1,3,1,0,0,0,0
 61,55,  6,0,0,3,1,0,1,0,1
 56,55,  1,1,1,1,1,0,0,0,0
 64,55,  9,1,1,1,1,1,1,1,1
 68,55, 13,1,0,1,1,0,0,0,0
 55,55, -0,1,1,1,1,0,0,1,0
 56,55,  1,0,0,3,1,0,0,1,0
 63,55,  8,1,0,1,1,0,0,1,0
 59,55,  4,1,0,1,1,0,0,1,0
 68,55, 13,1,0,1,1,1,0,1,1
 62,55,  7,0,0,3,1,1,0,1,1
 62,55,  7,0,0,3,1,1,0,1,1
 61,55,  6,0,0,3,1,0,0,1,0
 52,55, -3,1,0,1,1,0,1,1,1
 65,55, 10,1,1,1,1,0,1,0,1
 69,55, 14,1,0,2,1,1,1,1,1
 72,55, 17,0,0,3,1,0,0,0,0
 68,55, 13,1,0,1,1,0,1,1,1
 51,55, -4,0,0,3,1,0,0,0,0
 65,55, 10,0,0,3,1,1,0,0,1
 74,55, 19,1,0,2,1,0,0,1,1
 53,55, -2,1,1,3,1,1,1,1,1
 59,55,  4,1,0,0,1,0,0,0,0
 63,55,  8,1,1,3,1,0,0,1,0
 53,55, -2,1,1,1,1,0,0,1,0
 60,55,  5,1,1,3,1,0,0,1,0
 50,55, -5,1,1,1,1,1,0,1,1
 53,55, -2,1,1,1,1,0,0,1,0
 63,55,  8,1,1,3,0,0,0,1,1
 58,55,  3,1,0,0,1,1,0,0,0
 43,55,-12,1,0,1,1,0,0,0,1
 55,55,  0,0,0,3,1,0,0,1,0
 65,55, 10,1,1,1,1,0,0,1,1
 51,55, -4,1,0,1,1,1,0,1,1
 66,55, 11,1,1,1,1,0,0,0,1
 45,55,-10,1,0,1,1,0,0,1,1
 66,55, 11,0,0,3,1,1,1,1,1
 70,55, 15,1,1,0,1,0,0,1,1
 83,55, 28,1,0,2,1,0,0,1,1
 71,55, 16,1,1,3,1,0,1,1,1
 55,55, -0,0,0,3,0,0,0,1,1
 56,55,  1,0,0,3,1,0,0,1,1
 54,55, -1,1,0,0,1,1,0,1,1
 80,55, 25,1,0,2,1,0,0,1,1
 60,55,  5,1,1,3,1,0,0,0,0
 70,55, 15,1,0,1,1,0,0,1,0
 59,55,  4,0,0,3,1,0,0,0,0
 71,55, 16,1,1,3,1,1,0,1,1
 61,55,  6,1,1,3,1,0,0,0,0
 50,55, -5,1,1,3,0,1,0,1,1
 59,55,  4,1,0,1,1,0,0,1,0
 57,55,  2,1,0,1,1,1,0,1,1
 63,55,  8,1,1,3,1,0,1,1,1
 59,55,  4,1,1,3,1,0,0,1,1
 77,55, 22,1,1,2,1,0,0,1,1
 64,55,  9,1,0,1,1,0,0,1,1
 47,55, -8,1,0,1,0,0,0,0,1
 57,55,  2,1,1,3,1,0,1,1,1
 65,55, 10,1,0,0,1,0,0,1,1
 52,55, -3,1,1,1,1,0,0,0,0
 58,55,  3,1,0,1,1,0,0,1,0
 68,55, 13,1,1,1,1,0,0,1,1
 68,55, 13,1,0,1,1,0,1,1,1
 48,55, -7,1,0,0,1,1,0,0,1
 50,55, -5,1,0,1,1,0,1,0,0
 55,55,  0,1,0,0,1,0,0,1,0
 54,55, -1,1,1,1,1,0,0,0,0
 52,55, -3,1,1,3,1,0,1,1,1
 42,55,-13,0,0,3,1,0,0,1,1
 55,55, -0,0,0,3,1,0,0,1,1
 63,55,  8,1,0,1,1,0,0,1,0
 54,55, -1,1,0,1,0,1,0,0,1
 65,55, 10,1,0,2,1,1,0,1,1
 59,55,  4,1,1,0,1,0,0,1,0
 56,55,  1,0,0,3,1,0,0,1,0
 62,55,  7,1,0,0,1,0,0,1,0
 59,55,  4,1,0,1,1,0,0,1,0
 64,55,  9,1,0,1,1,1,1,1,1
 67,55, 12,1,1,1,1,0,0,1,1
 62,55,  7,1,1,0,1,1,0,1,1
 65,55, 10,1,1,1,1,0,0,1,1
 56,55,  1,1,1,1,0,0,0,1,1
 72,55, 17,1,0,0,1,0,1,1,1
 24,55,-31,1,1,2,1,0,0,1,0
 59,55,  4,1,0,1,1,0,0,1,1
 60,55,  5,1,0,1,1,0,0,1,1
 57,55,  2,0,0,3,1,0,0,0,0
 56,55,  1,1,0,1,1,0,1,1,1
 33,55,-22,1,0,2,1,1,0,1,1
 64,55,  9,1,1,1,1,0,0,0,1
 55,55, -0,1,0,1,1,0,0,1,0
 39,55,-16,1,1,1,1,0,0,1,1
 66,55, 11,1,0,1,1,0,0,1,0
 48,55, -7,1,1,1,1,0,0,1,0
 63,55,  8,0,0,3,1,0,0,1,1
 54,55, -1,0,0,3,1,0,0,1,0
 51,55, -4,0,0,3,1,0,1,1,1
 65,55, 10,1,1,2,1,0,1,1,1
 59,55,  4,0,0,3,1,1,0,1,1
 71,55, 16,1,0,0,1,0,0,1,0
 61,55,  6,1,0,1,1,0,0,1,0
 75,55, 20,1,0,1,1,0,0,1,1
 52,55, -3,1,0,1,1,0,0,1,0
 66,55, 11,1,1,3,1,0,0,0,1
 77,55, 22,1,0,2,1,0,0,1,1
 49,55, -6,1,1,3,1,0,0,1,0
 67,55, 12,1,0,1,1,0,0,1,0
 52,55, -3,1,1,0,1,0,0,0,0
 58,55,  3,1,1,1,1,1,0,1,1
 68,55, 13,1,0,1,1,0,0,1,0
 65,55, 10,1,1,1,1,0,0,1,1
 61,55,  6,1,0,0,1,0,0,1,1
 62,55,  7,1,1,0,1,1,0,1,1
 58,55,  3,1,1,3,1,0,0,1,0
 56,55,  1,1,0,1,1,0,0,1,0
 79,55, 24,1,0,2,1,0,0,1,1
 59,55,  4,1,0,1,0,0,0,0,1
 55,55,  0,1,1,1,1,1,0,1,1
 61,55,  6,1,0,1,1,0,0,1,0
 49,55, -6,0,0,3,0,1,1,1,1
 58,55,  3,0,0,3,0,0,0,1,1
 55,55, -0,0,0,3,1,0,0,1,0
 62,55,  7,0,0,3,1,1,0,1,1
 50,55, -5,1,1,0,1,1,0,1,1
 58,55,  3,1,1,2,1,0,0,1,0
 58,55,  3,1,0,1,1,1,0,0,0
 67,55, 12,1,0,2,1,1,0,1,1
 66,55, 11,1,1,1,1,0,0,1,1
 58,55,  3,1,1,3,1,0,0,1,0
 60,55,  5,1,1,1,0,1,0,1,1
 52,55, -3,1,0,1,1,0,0,1,0
 50,55, -5,0,0,3,1,0,0,1,1
 67,55, 12,1,0,1,1,0,0,1,0
 69,55, 14,1,1,2,1,0,1,1,1
 62,55,  7,1,0,1,1,0,0,0,0
 68,55, 13,0,0,3,1,0,0,1,0
 62,55,  7,1,0,1,1,1,0,0,0
 57,55,  2,1,1,0,1,0,0,1,0
 59,55,  4,1,1,1,0,0,0,1,1
 59,55,  4,1,0,1,1,0,0,1,0
 67,55, 12,1,0,1,1,0,0,1,0
 63,55,  8,1,0,1,1,0,0,1,0
 56,55,  1,1,0,1,1,0,0,0,0
 54,55, -1,1,0,1,1,0,0,1,0
 54,55, -1,1,0,1,1,0,0,1,0
 57,55,  2,1,1,1,1,0,0,1,0
 54,55, -1,0,0,3,1,0,0,1,0
 56,55,  1,1,1,1,1,0,0,1,0
 59,55,  4,1,1,3,1,0,0,1,1
 50,55, -5,1,0,1,1,0,0,0,0
 55,55, -0,1,0,1,1,0,0,1,0
 56,55,  1,0,0,3,1,0,1,1,1
 60,55,  5,1,1,1,1,0,0,1,0
 58,55,  3,1,1,0,1,0,0,1,0
 47,55, -8,0,0,3,1,0,0,0,1
 55,55, -0,1,0,1,1,0,0,1,0
 58,55,  3,1,1,0,1,0,0,1,1
 63,55,  8,1,0,1,1,0,1,1,1
 58,55,  3,0,0,3,1,1,0,1,1
 66,55, 11,0,0,3,1,0,0,1,0
 62,55,  7,1,0,1,1,0,0,1,0
 54,55, -1,0,0,3,1,1,0,0,0
 63,55,  8,0,0,3,1,0,0,0,0
 54,55, -1,0,0,3,1,1,0,1,1
 61,55,  6,1,1,1,1,1,0,1,1
 63,55,  8,1,1,3,1,0,0,0,0
 69,55, 14,1,1,3,1,0,1,1,1
 57,55,  2,0,0,3,1,1,0,1,1
 62,55,  7,0,0,3,1,0,0,0,0
 68,55, 13,1,1,0,1,0,0,1,1
 53,55, -2,1,1,3,1,0,0,1,0
 57,55,  2,0,0,3,1,0,0,1,0
 56,55,  1,1,0,1,1,0,0,0,0
 67,55, 12,1,0,1,1,1,0,1,1
 70,55, 15,1,0,1,1,0,1,1,1
 74,55, 19,1,0,1,1,0,0,1,1
 67,55, 12,0,0,3,0,0,1,1,1
 67,55, 12,1,0,1,1,0,0,1,0
 65,55, 10,1,1,1,1,0,1,1,1
 66,55, 11,0,0,3,1,1,1,1,1
 55,55, -0,1,1,1,1,1,0,0,0
 58,55,  3,0,0,3,1,1,0,1,1
 61,55,  6,1,0,1,1,0,0,1,0
 48,55, -7,1,1,1,1,0,0,1,1
 55,55,  0,1,1,3,1,0,0,1,0
 53,55, -2,0,0,3,1,0,0,1,0
 49,55, -6,0,0,3,1,0,0,1,0
 66,55, 11,1,0,2,1,0,0,0,0
 64,55,  9,1,0,0,1,0,0,1,0
 62,55,  7,1,0,0,1,0,0,0,0
 46,55, -9,1,0,1,1,1,1,0,1
 52,55, -3,0,0,3,1,0,0,1,0
 53,55, -2,0,0,3,1,0,1,1,1
 51,55, -4,1,0,1,1,1,0,0,0
 45,55,-10,0,0,3,1,0,0,1,1
 60,55,  5,0,0,3,1,0,0,1,0
 63,55,  8,0,0,3,1,1,0,1,1
 57,55,  2,0,0,3,1,0,0,1,0
 57,55,  2,1,1,3,1,0,0,1,0
 61,55,  6,0,0,3,1,0,0,1,0
 57,55,  2,1,1,1,1,0,0,0,0
 79,55, 24,1,1,0,1,0,0,0,1
 66,55, 11,1,0,1,0,1,0,1,1
 54,55, -1,0,0,3,1,0,0,0,0
 61,55,  6,1,0,1,1,0,0,1,0
 52,55, -3,1,1,3,1,0,1,1,1
 61,55,  6,1,1,1,1,1,1,1,1
 48,55, -7,1,0,0,1,0,0,0,0
 63,55,  8,1,0,1,1,0,0,1,0
 55,55,  0,1,1,3,1,1,0,1,1
 66,55, 11,1,1,0,1,0,0,1,1
 59,55,  4,1,0,1,1,0,0,0,0
 56,55,  1,1,1,1,1,0,1,1,1
 59,55,  4,1,0,1,1,1,0,1,1
 66,55, 11,1,1,1,1,0,1,1,1
 56,55,  1,1,0,1,1,1,0,1,1
 60,55,  5,1,0,1,1,0,0,1,0
 54,55, -1,1,0,0,1,0,0,1,0
 65,55, 10,0,0,3,1,1,0,0,1
 59,55,  4,1,0,1,1,1,0,1,1
 61,55,  6,1,1,3,1,0,1,1,1
 65,55, 10,0,0,3,1,0,1,0,1
 89,55, 34,1,0,2,1,0,0,1,1
 69,55, 14,1,1,3,1,0,0,0,1
 65,55, 10,0,0,3,1,0,0,1,0
 64,55,  9,0,0,3,1,0,0,1,1
 57,55,  2,1,0,1,1,0,0,1,0
 55,55,  0,1,0,1,1,0,1,1,1
 69,55, 14,1,1,0,1,0,0,1,1
 54,55, -1,1,1,1,1,1,0,1,1
 50,55, -5,0,0,3,1,1,0,1,1
 64,55,  9,0,0,3,1,0,0,0,0
 62,55,  7,0,0,3,1,1,1,1,1
 54,55, -1,0,0,3,1,1,0,0,0
 56,55,  1,0,0,3,1,0,0,1,0
 58,55,  3,1,1,1,1,0,0,1,0
 63,55,  8,1,0,0,1,1,0,1,1
 69,55, 14,1,1,1,1,0,1,0,1
 60,55,  5,1,1,3,1,1,0,0,0
 60,55,  5,1,0,2,1,0,1,0,1
 62,55,  7,1,1,1,1,0,0,0,0
 66,55, 11,1,0,0,1,0,0,0,0
 55,55,  0,0,0,3,1,1,0,1,1
 53,55, -2,1,1,3,1,0,0,1,0
 56,55,  1,1,1,3,1,0,0,0,0
 47,55, -8,1,1,3,1,0,0,1,0
 94,55, 39,1,0,2,1,0,0,1,1
 73,55, 18,1,0,2,1,1,0,0,1
 60,55,  5,1,1,3,1,0,0,1,0
 57,55,  2,1,1,1,1,0,1,1,1
 56,55,  1,1,0,1,1,0,0,1,0
 57,55,  2,0,0,3,1,0,0,1,0
 75,55, 20,0,0,3,1,1,0,1,1
 61,55,  6,1,1,3,1,0,0,1,1
 59,55,  4,1,0,1,1,0,0,1,1
 47,55, -8,1,0,1,1,0,0,1,1
 41,55,-14,1,1,3,1,0,0,1,0
 62,55,  7,1,0,1,1,1,0,1,1
 54,55, -1,1,0,2,1,0,0,1,0
 54,55, -1,1,1,0,1,1,0,1,1
 67,55, 12,1,1,0,1,0,0,0,1
 47,55, -8,0,0,3,1,0,1,1,1
 61,55,  6,1,0,1,1,0,0,1,0
 68,55, 13,1,1,3,1,0,1,0,1
 56,55,  1,1,1,3,1,0,0,1,0
 65,55, 10,1,0,1,1,0,1,1,1
 59,55,  4,1,1,1,1,0,0,0,0
 55,55, -0,1,0,1,1,1,0,0,0
 66,55, 11,0,0,3,1,1,0,0,1
 55,55,  0,0,0,3,1,0,0,1,0
 62,55,  7,0,0,3,1,0,1,0,1
 59,55,  4,1,1,1,1,1,1,1,1
 61,55,  6,1,1,3,0,1,0,1,1
 54,55, -1,1,1,1,1,0,0,1,0
 59,55,  4,1,1,1,1,0,0,1,0
 68,55, 13,1,1,0,1,0,0,1,1
 57,55,  2,0,0,3,1,0,0,1,0
 53,55, -2,1,0,1,1,0,0,1,0
 64,55,  9,1,1,1,1,0,0,1,0
 58,55,  3,1,1,3,1,0,0,1,1
 59,55,  4,0,0,3,1,0,0,1,0
 63,55,  8,1,0,1,1,1,0,1,1
 60,55,  5,0,0,3,1,0,0,1,0
 58,55,  3,1,0,1,1,0,1,0,1
 57,55,  2,1,0,1,1,0,0,1,1
 56,55,  1,1,1,1,1,0,0,1,0
 61,55,  6,1,1,1,1,0,1,0,1
 59,55,  4,1,1,1,1,0,0,0,0
 65,55, 10,1,0,2,1,0,0,1,1
 62,55,  7,0,0,3,1,0,0,1,0
 62,55,  7,1,1,3,1,0,0,1,1
 55,55, -0,1,0,1,1,0,0,0,0
 48,55, -7,1,1,3,1,0,0,0,0
 65,55, 10,1,0,1,1,1,0,1,1
 37,55,-18,1,1,1,1,0,0,1,1
 64,55,  9,0,0,3,1,0,1,1,1
 58,55,  3,1,0,1,1,0,0,1,0
 59,55,  4,1,0,1,1,0,0,1,1
 59,55,  4,1,0,1,1,0,0,0,0
 64,55,  9,1,0,1,1,0,0,0,0
 60,55,  5,0,0,3,1,0,0,1,0
 58,55,  3,0,0,3,1,1,0,1,1
 55,55,  0,1,1,1,1,0,0,0,0
 63,55,  8,0,0,3,1,0,0,1,0
 73,55, 18,1,1,2,1,0,0,1,1
 52,55, -3,1,1,3,1,0,0,1,0
 54,55, -1,1,1,1,1,0,0,0,0
 59,55,  4,0,0,3,1,1,0,1,1
 60,55,  5,1,1,3,1,0,1,1,1
 51,55, -4,1,0,1,1,0,0,1,0
 51,55, -4,1,0,1,1,0,0,1,1
 67,55, 12,1,0,1,1,1,1,0,1
 60,55,  5,0,0,3,1,1,1,1,1
 59,55,  4,1,0,0,1,0,0,1,0
 59,55,  4,1,1,3,1,0,0,0,0
 51,55, -4,1,0,0,1,1,0,1,1
 61,55,  6,1,1,1,1,0,0,1,1
 67,55, 12,1,1,1,1,0,0,0,1
 62,55,  7,0,0,3,1,0,0,1,1
 59,55,  4,1,1,0,1,0,0,1,0
 62,55,  7,0,0,3,1,0,0,1,1
 49,55, -6,1,1,3,1,0,0,1,0
 66,55, 11,0,0,3,1,1,0,1,1
 48,55, -7,1,0,1,1,0,1,1,1
 58,55,  3,0,0,3,1,1,0,0,0
 60,55,  5,1,0,1,1,0,0,0,0
 64,55,  9,1,0,1,1,0,1,1,1
 65,55, 10,0,0,3,1,0,0,0,0
 70,55, 15,1,0,1,1,0,0,1,1
 55,55, -0,0,0,3,1,0,0,1,0
 66,55, 11,1,1,3,1,0,0,1,1
 54,55, -1,0,0,3,1,0,0,1,0
 57,55,  2,1,1,1,1,1,0,1,1
 58,55,  3,0,0,3,1,0,0,1,0
 52,55, -3,0,0,3,1,0,0,1,1
 57,55,  2,1,1,1,1,0,0,0,0
 61,55,  6,1,1,3,1,0,0,1,1
 64,55,  9,0,0,3,1,0,0,1,0
 58,55,  3,1,0,0,1,0,0,1,0
 67,55, 12,1,0,2,1,0,0,0,0
 48,55, -7,1,1,2,1,0,0,0,0
 52,55, -3,1,1,3,1,0,0,1,0
 66,55, 11,1,1,1,1,1,0,0,1
 55,55,  0,0,0,3,1,0,1,1,1
 62,55,  7,0,0,3,1,0,0,1,0
 62,55,  7,1,1,1,1,0,1,1,1
 56,55,  1,1,0,1,1,0,0,0,0
 49,55, -6,1,1,0,1,0,1,1,1
 67,55, 12,1,0,2,1,0,1,1,1
 62,55,  7,1,0,0,1,0,0,1,0
 63,55,  8,0,0,3,1,1,0,0,0
 59,55,  4,0,0,3,0,1,0,1,1
 50,55, -5,1,1,3,0,0,0,1,1
 65,55, 10,1,0,0,1,1,0,1,1
 63,55,  8,1,0,1,1,0,0,1,0
 55,55,  0,1,0,1,1,0,0,1,1
 46,55, -9,1,1,0,1,0,0,1,0
 60,55,  5,1,1,3,1,0,0,0,0
 50,55, -5,1,1,1,1,0,0,1,0
 53,55, -2,1,0,1,1,1,0,0,0
 57,55,  2,0,0,3,1,0,0,0,0
 62,55,  7,1,1,3,1,0,0,1,0
 61,55,  6,1,0,1,1,0,1,1,1
 52,55, -3,1,0,2,1,0,0,1,1
 63,55,  8,1,0,0,1,0,0,1,1
 58,55,  3,0,0,3,1,0,0,1,0
 57,55,  2,0,0,3,1,0,0,1,0
 58,55,  3,1,0,1,1,0,1,1,1
 73,55, 18,0,0,3,1,0,1,1,1
 50,55, -5,1,1,1,1,0,0,1,0
 57,55,  2,1,0,0,1,0,0,0,0
 69,55, 14,1,0,1,1,0,0,1,0
 71,55, 16,1,0,1,1,0,0,1,1
 57,55,  2,1,1,0,1,0,1,1,1
 68,55, 13,1,1,3,1,0,0,0,1
 64,55,  9,1,1,1,1,0,0,1,0
 53,55, -2,1,1,1,1,0,0,1,0
 52,55, -3,1,1,3,1,0,0,1,0
 60,55,  5,0,0,3,1,0,0,1,1
 43,55,-12,1,0,1,1,0,0,1,1
 49,55, -6,1,0,0,1,1,1,1,1
 68,55, 13,1,0,1,1,1,0,1,1
 51,55, -4,1,1,1,1,1,0,1,1
 59,55,  4,1,0,1,1,0,0,0,0
 61,55,  6,1,0,1,0,0,0,0,0
 58,55,  3,1,1,0,1,0,0,1,0
 55,55,  0,1,0,1,1,0,0,1,0
 84,55, 29,1,1,2,1,0,0,1,1
 53,55, -2,1,1,1,1,0,0,1,1
 61,55,  6,1,1,1,1,0,1,1,1
 61,55,  6,1,1,1,1,0,0,1,0
 60,55,  5,1,1,1,1,0,1,1,1
 59,55,  4,1,0,1,1,0,0,1,0
 53,55, -2,0,0,3,1,0,0,1,0
 87,55, 32,1,0,2,1,0,0,1,1
 66,55, 11,1,1,3,0,0,0,1,1
 61,55,  6,0,0,3,1,0,0,0,0
 78,55, 23,1,0,2,1,0,0,1,1
 59,55,  4,1,1,1,1,1,0,1,1
 67,55, 12,1,0,1,1,0,0,1,0
 60,55,  5,0,0,3,1,1,0,1,1
 69,55, 14,1,1,3,1,0,0,0,1
 60,55,  5,1,1,3,1,0,0,1,0
 44,55,-11,1,0,1,1,0,0,0,1
 50,55, -5,1,0,1,1,0,0,1,0
 67,55, 12,0,0,3,1,1,0,1,1
 57,55,  2,1,0,1,1,0,0,1,0
 60,55,  5,1,0,0,1,0,0,0,0
 56,55,  1,1,0,1,1,0,1,1,1
 66,55, 11,1,0,1,1,0,0,1,0
 57,55,  2,0,0,3,1,1,0,1,1
 60,55,  5,1,0,1,1,1,1,1,1
 57,55,  2,1,0,2,1,1,0,1,1
 50,55, -5,1,1,0,1,0,0,1,0
 69,55, 14,1,1,1,1,0,0,1,1
 61,55,  6,1,0,0,1,0,0,1,0
 48,55, -7,0,0,3,1,0,0,1,1
 51,55, -4,1,0,1,1,0,0,1,0
 52,55, -3,1,1,0,1,0,0,1,0
 60,55,  5,0,0,3,1,0,0,1,0
 57,55,  2,1,0,1,1,0,0,1,0
 58,55,  3,1,0,1,1,0,0,0,0
 65,55, 10,1,1,1,1,0,0,1,1
 58,55,  3,1,0,0,1,0,1,1,1
 68,55, 13,1,0,1,1,0,1,1,1
 72,55, 17,1,1,2,1,0,0,0,1
 58,55,  3,1,1,3,1,0,0,1,0
 62,55,  7,1,1,0,1,0,0,1,1
 60,55,  5,1,1,1,1,0,0,0,0
 44,55,-11,1,0,1,1,1,0,0,1
 47,55, -8,1,0,0,1,1,1,1,1
 52,55, -3,0,0,3,1,0,0,1,0
 62,55,  7,1,1,1,1,0,0,0,0
 65,55, 10,0,0,3,1,0,0,1,0
 63,55,  8,0,0,3,0,0,0,1,1
 50,55, -5,0,0,3,1,0,0,1,0
 61,55,  6,1,1,1,1,0,0,1,0
 66,55, 11,1,0,0,1,0,1,1,1
 54,55, -1,0,0,3,1,0,0,1,1
 57,55,  2,1,1,3,1,1,1,1,1
 70,55, 15,1,1,1,1,0,0,0,1
 55,55, -0,1,1,3,1,0,0,1,0
 58,55,  3,1,0,1,1,0,0,1,1
 53,55, -2,1,1,3,1,1,0,1,1
 48,55, -7,0,0,3,1,0,0,1,1
 63,55,  8,1,0,1,1,0,1,0,1
 63,55,  8,1,0,1,0,0,0,0,1
 56,55,  1,0,0,3,1,0,0,1,0
 58,55,  3,1,0,1,1,0,0,0,0
 61,55,  6,1,1,1,1,0,0,1,0
 50,55, -5,0,0,3,1,0,0,1,1
 58,55,  3,1,0,1,1,0,0,1,0
 55,55,  0,1,1,3,1,0,0,0,0
 57,55,  2,0,0,3,1,0,0,1,0
 61,55,  6,1,0,1,1,0,0,1,0
 69,55, 14,1,0,2,1,0,0,1,1
 64,55,  9,1,0,1,1,0,1,0,1
 46,55, -9,1,0,1,1,0,0,1,1
 51,55, -4,1,0,1,1,0,0,1,0
 50,55, -5,1,1,1,1,0,0,0,0
 56,55,  1,1,0,1,1,1,0,0,0
 55,55,  0,0,0,3,1,0,0,1,0
 61,55,  6,0,0,3,1,1,0,1,1
 53,55, -2,1,1,0,1,0,0,1,0
 50,55, -5,1,0,1,1,0,0,1,0
 60,55,  5,0,0,3,1,0,0,1,1
 47,55, -8,1,1,1,1,0,0,0,0
 60,55,  5,1,0,1,1,0,0,1,1
 46,55, -9,1,1,0,1,1,0,1,1
 56,55,  1,1,1,1,1,1,1,0,1
 36,55,-19,1,0,1,1,0,0,1,1
 53,55, -2,0,0,3,1,0,0,1,0
 57,55,  2,1,1,3,1,0,0,1,0
 65,55, 10,1,0,1,1,0,0,1,0
 60,55,  5,1,1,1,1,0,0,1,0
 58,55,  3,1,1,0,1,0,0,0,0
 54,55, -1,1,0,1,1,0,0,1,1
 49,55, -6,1,0,1,1,0,0,1,0
 65,55, 10,1,0,2,1,0,1,1,1
 55,55, -0,1,0,1,1,0,0,1,1
 68,55, 13,0,0,3,1,0,0,1,0
 43,55,-12,1,0,1,1,1,0,0,1
 45,55,-10,1,1,2,1,0,0,1,0
 62,55,  7,1,0,1,1,0,0,1,0
 60,55,  5,1,1,1,1,0,0,1,0
 62,55,  7,1,0,1,1,0,0,1,0
 59,55,  4,1,1,3,1,0,0,1,1
 57,55,  2,0,0,3,0,0,0,1,1
 61,55,  6,0,0,3,1,0,0,0,0
 56,55,  1,1,0,1,1,0,0,1,0
 61,55,  6,0,0,3,1,0,0,1,0
 55,55, -0,1,1,3,1,1,0,1,1
 50,55, -5,1,1,1,1,0,0,1,1
 59,55,  4,1,0,0,1,0,1,1,1
 60,55,  5,0,0,3,1,0,1,1,1
 61,55,  6,1,0,2,1,0,0,1,0
 60,55,  5,0,0,3,1,1,1,1,1
 55,55,  0,0,0,3,1,0,1,1,1
 54,55, -1,1,0,1,1,0,0,0,0
 54,55, -1,1,0,1,1,0,0,0,0
 71,55, 16,1,1,1,1,1,0,1,1
 56,55,  1,1,0,1,1,1,1,1,1
 60,55,  5,1,0,1,1,0,0,1,0
 51,55, -4,1,0,1,1,1,0,0,0
 67,55, 12,0,0,3,1,0,1,1,1
 52,55, -3,1,0,1,1,0,1,1,1
 47,55, -8,1,0,2,1,0,0,1,1
 63,55,  8,1,1,3,1,1,0,1,1
 58,55,  3,1,0,1,1,1,1,0,1
 59,55,  4,0,0,3,1,0,0,1,0
 55,55,  0,1,1,3,1,1,0,1,1
 61,55,  6,1,0,2,1,0,0,0,0
 60,55,  5,0,0,3,1,0,1,0,1
 58,55,  3,1,0,1,1,0,0,1,0
 61,55,  6,0,0,3,1,0,0,1,0
 62,55,  7,1,0,0,1,0,0,1,0
 58,55,  3,1,1,1,1,0,0,1,0
 52,55, -3,0,0,3,1,0,0,1,0
 60,55,  5,1,1,3,1,0,0,1,1
 64,55,  9,0,0,3,0,0,1,1,1
 57,55,  2,0,0,3,1,0,0,0,0
 54,55, -1,1,1,1,1,0,0,1,0
 55,55,  0,1,1,3,1,0,0,1,0
 57,55,  2,1,0,1,0,1,0,1,1
 81,55, 26,1,0,2,1,0,0,1,1
 55,55,  0,1,1,1,0,0,0,1,1
 56,55,  1,1,1,0,1,0,0,0,0
 56,55,  1,0,0,3,1,0,0,1,0
 59,55,  4,1,1,3,1,0,0,1,0
 63,55,  8,1,0,0,1,0,0,1,0
 45,55,-10,1,1,3,1,0,1,0,0
 54,55, -1,1,0,1,1,0,0,1,0
 53,55, -2,0,0,3,1,1,0,1,1
 54,55, -1,1,0,1,1,0,0,1,0
 60,55,  5,1,1,3,1,0,1,1,1
 74,55, 19,1,1,3,1,0,0,1,1
 50,55, -5,1,1,2,1,0,0,1,0
 52,55, -3,1,0,1,1,0,0,1,0
 60,55,  5,1,1,1,1,0,1,1,1
 59,55,  4,1,1,1,1,0,0,1,0
 62,55,  7,1,0,0,1,1,0,1,1
 58,55,  3,1,0,1,1,1,0,1,1
 51,55, -4,1,1,0,1,0,0,1,1
 69,55, 14,1,1,1,1,0,0,1,1
 63,55,  8,1,0,1,1,1,0,1,1
 58,55,  3,1,0,1,1,1,0,1,1
 79,55, 24,1,1,2,1,0,0,1,1
 62,55,  7,1,1,3,1,0,0,1,0
 57,55,  2,0,0,3,1,0,0,1,0
 56,55,  1,1,1,3,1,0,0,0,0
 64,55,  9,0,0,3,1,0,0,0,0
 90,55, 35,1,0,2,1,0,0,1,1
 63,55,  8,1,1,3,1,0,0,1,0
 54,55, -1,1,1,3,1,1,0,1,1
 55,55,  0,1,0,1,1,0,0,1,0
 58,55,  3,1,1,1,0,1,0,1,1
 51,55, -4,1,1,3,1,0,0,0,0
 67,55, 12,1,0,1,1,0,1,1,1
 42,55,-13,1,1,1,1,1,0,0,0
 61,55,  6,1,1,3,1,0,0,0,0
 56,55,  1,0,0,3,1,0,0,1,0
 58,55,  3,0,0,3,1,0,0,1,0
 56,55,  1,1,1,1,1,0,0,0,0
 70,55, 15,1,0,2,1,0,0,1,0
 49,55, -6,1,1,1,1,0,0,1,1
 59,55,  4,1,1,1,1,0,0,0,0
 58,55,  3,1,0,0,1,1,1,1,1
 61,55,  6,1,0,1,1,1,0,1,1
 61,55,  6,1,0,1,1,0,0,0,0
 63,55,  8,1,1,1,1,0,0,1,0
 77,55, 22,1,0,0,1,1,1,1,1
 60,55,  5,1,0,1,1,0,0,1,1
 59,55,  4,1,0,2,1,0,0,1,0
 61,55,  6,1,0,2,1,0,1,1,1
 59,55,  4,1,1,3,1,1,1,1,1
 52,55, -3,1,0,1,1,0,1,1,1
 76,55, 21,1,0,1,1,0,0,1,1
 49,55, -6,1,1,3,1,0,0,1,0
 58,55,  3,1,1,0,1,1,0,1,1
 67,55, 12,1,1,0,1,1,0,1,1
 52,55, -3,1,0,0,1,0,0,1,0
 65,55, 10,0,0,3,1,0,0,0,0
 62,55,  7,1,0,1,1,0,0,1,1
 59,55,  4,1,1,3,1,0,0,0,0
 54,55, -1,0,0,3,1,0,0,0,0
 55,55, -0,1,0,1,1,0,1,0,0
 50,55, -5,1,0,1,1,0,0,1,0
 54,55, -1,1,0,0,0,0,0,1,1
 64,55,  9,0,0,3,1,0,1,1,1
 50,55, -5,0,0,3,1,0,0,1,0
 53,55, -2,0,0,3,1,0,0,1,1
 57,55,  2,0,0,3,0,0,0,1,1
 45,55,-10,1,0,1,1,0,0,1,1
 69,55, 14,1,0,0,1,0,0,1,0
 62,55,  7,1,1,3,1,0,0,1,0
 57,55,  2,1,1,3,1,0,1,1,1
 59,55,  4,1,0,1,1,0,1,1,1
 54,55, -1,1,0,1,1,0,0,1,0
 57,55,  2,1,1,3,1,1,0,1,1
 68,55, 13,1,0,1,1,0,0,1,0
 65,55, 10,1,1,1,1,0,0,1,1
 58,55,  3,1,1,1,1,0,0,1,0
 63,55,  8,1,0,1,1,1,0,1,1
 72,55, 17,1,0,2,1,1,0,1,1
 62,55,  7,0,0,3,1,0,0,1,0
 46,55, -9,1,0,1,1,0,0,1,1
 50,55, -5,0,0,3,1,0,0,0,0
 49,55, -6,1,0,2,1,0,0,0,0
 55,55,  0,1,1,1,1,0,0,1,0
 58,55,  3,1,1,1,1,0,1,0,1
 55,55,  0,1,0,0,1,0,0,1,0
 57,55,  2,1,1,3,1,0,0,1,1
 48,55, -7,1,0,1,1,0,0,1,1
 67,55, 12,1,0,1,1,0,0,1,1
 71,55, 16,1,0,0,1,0,0,1,0
 45,55,-10,1,1,3,1,1,0,1,1
 56,55,  1,1,1,0,1,0,1,0,1
 65,55, 10,1,1,0,1,0,0,0,1
 55,55,  0,1,0,1,1,0,0,1,0
 54,55, -1,1,0,1,1,1,0,1,1
 57,55,  2,1,1,1,1,0,0,1,0
 56,55,  1,1,0,1,1,0,0,1,0
 58,55,  3,1,1,3,1,1,0,1,1
 58,55,  3,1,1,3,1,0,0,1,1
 53,55, -2,0,0,3,1,0,0,0,0
 65,55, 10,0,0,3,1,0,0,1,0
 59,55,  4,1,0,1,1,0,0,1,1
 58,55,  3,0,0,3,1,0,0,1,0
 48,55, -7,1,0,0,1,0,0,1,1
 64,55,  9,1,1,1,1,0,0,0,1
 59,55,  4,1,1,1,1,0,1,1,1
 55,55,  0,1,1,1,1,0,0,1,0
 40,55,-15,1,0,2,1,0,1,1,1
 58,55,  3,1,1,1,0,0,0,1,1
 70,55, 15,1,0,2,1,1,0,1,1
 47,55, -8,1,0,1,1,1,0,1,1
 60,55,  5,1,0,1,1,0,0,0,0
 56,55,  1,0,0,3,1,0,1,0,1
 55,55,  0,0,0,3,1,0,0,1,0
 74,55, 19,1,1,0,0,0,0,1,1
 69,55, 14,1,0,0,1,0,0,0,0
 66,55, 11,1,1,1,1,0,0,1,1
 58,55,  3,1,0,0,1,0,0,1,0
 51,55, -4,0,0,3,1,0,0,1,0
 48,55, -7,0,0,3,1,1,0,0,0
 60,55,  5,1,1,2,1,0,0,0,0
 46,55, -9,1,1,1,1,0,1,1,1
 51,55, -4,1,1,1,1,1,0,0,0
 47,55, -8,1,0,1,1,0,0,0,1
 72,55, 17,1,0,0,1,0,0,1,1
 57,55,  2,1,0,2,1,0,0,1,0
 48,55, -7,1,0,0,1,0,0,1,0
 57,55,  2,1,0,1,0,0,0,1,1
 57,55,  2,1,1,3,1,0,0,1,1
 63,55,  8,1,1,1,1,0,0,1,1
 70,55, 15,1,1,3,1,0,0,1,1
 37,55,-18,1,0,2,1,0,0,1,1
 53,55, -2,1,1,1,0,1,0,1,1
 64,55,  9,1,0,1,1,0,0,1,0
 64,55,  9,1,0,1,0,0,0,1,1
 62,55,  7,1,1,2,1,1,0,1,1
 58,55,  3,0,0,3,0,0,0,1,1
 50,55, -5,0,0,3,1,1,0,1,1
 53,55, -2,1,1,0,1,0,0,1,0
 47,55, -8,0,0,3,1,0,0,1,1
 70,55, 15,1,0,1,1,0,1,0,1
 62,55,  7,1,1,3,1,0,0,0,0
 57,55,  2,1,0,1,0,0,0,0,0
 62,55,  7,1,0,1,1,0,0,0,0
 48,55, -7,1,1,1,1,0,0,1,0
 64,55,  9,0,0,3,1,0,1,1,1
 52,55, -3,1,1,0,1,0,0,1,0
 59,55,  4,0,0,3,1,0,0,1,0
 59,55,  4,1,1,3,1,0,0,0,0
 49,55, -6,1,1,1,1,0,0,0,0
 46,55, -9,1,0,2,1,0,0,1,1
 57,55,  2,1,1,3,1,0,0,0,0
 57,55,  2,0,0,3,1,0,0,1,0
 63,55,  8,1,0,1,1,1,0,0,1
 56,55,  1,0,0,3,1,0,0,1,1
 63,55,  8,1,1,1,1,1,0,1,1
 59,55,  4,1,0,1,1,1,1,0,1
 46,55, -9,1,0,1,1,0,0,1,1
108,55, 53,1,1,2,1,1,0,1,1
 65,55, 10,1,0,1,1,1,0,1,1
 56,55,  1,0,0,3,1,0,0,1,0
 57,55,  2,1,0,1,1,0,0,1,0
 56,55,  1,1,0,1,1,1,0,1,1
 55,55, -0,1,0,2,1,1,0,1,1
 59,55,  4,0,0,3,1,0,0,0,0
 68,55, 13,1,1,3,1,1,0,1,1
 53,55, -2,1,1,1,1,0,0,1,0
 63,55,  8,1,1,3,1,0,1,1,1
 61,55,  6,1,0,0,1,0,0,1,0
 46,55, -9,1,0,0,1,0,1,1,1
 54,55, -1,1,0,1,1,0,0,1,0
 51,55, -4,1,0,0,1,0,0,1,1
 54,55, -1,1,0,1,1,0,0,1,0
 58,55,  3,1,1,3,1,1,0,1,1
 60,55,  5,1,1,3,1,0,0,1,1
 54,55, -1,1,0,0,1,1,0,1,1
 52,55, -3,1,1,1,1,0,0,1,0
 64,55,  9,1,0,0,0,0,0,0,0
 51,55, -4,1,1,1,1,1,0,0,0
 61,55,  6,1,0,0,1,0,1,0,1
 52,55, -3,1,1,1,1,1,0,1,1
 94,55, 39,1,1,2,1,1,0,1,1
 68,55, 13,1,0,1,1,0,0,1,0
 55,55,  0,1,0,1,1,0,0,1,0
 89,55, 34,1,0,2,1,1,1,1,1
 55,55,  0,1,1,3,1,1,0,1,1
 55,55, -0,1,1,1,1,0,1,1,1
 49,55, -6,1,1,0,1,0,0,1,0
 56,55,  1,1,1,1,1,0,0,1,0
 70,55, 15,0,0,3,1,0,0,1,0
 62,55,  7,1,0,1,1,0,0,1,0
 56,55,  1,1,0,1,1,0,0,1,1
 73,55, 18,1,0,0,1,0,0,1,1
 64,55,  9,1,0,0,1,0,0,1,0
 56,55,  1,0,0,3,1,0,0,1,0
 60,55,  5,1,0,0,1,0,0,0,0
 66,55, 11,1,1,3,1,0,0,0,1
 71,55, 16,1,1,0,1,0,0,0,1
 64,55,  9,1,1,0,1,1,0,0,1
 65,55, 10,1,1,3,1,0,1,0,1
 63,55,  8,1,1,1,1,0,0,1,0
 53,55, -2,1,1,1,1,0,0,1,0
 72,55, 17,1,0,0,1,1,0,1,1
 57,55,  2,1,1,3,1,0,1,1,1
 60,55,  5,1,0,2,1,0,1,1,1
 52,55, -3,1,1,1,1,0,0,1,0
 53,55, -2,1,1,1,1,0,0,0,0
 66,55, 11,0,0,3,1,0,0,0,0
 59,55,  4,0,0,3,1,1,0,1,1
 45,55,-10,1,0,0,1,0,0,1,1
 59,55,  4,0,0,3,1,0,1,0,0
 64,55,  9,1,1,1,1,0,0,1,0
 64,55,  9,1,0,1,1,0,0,1,0
 68,55, 13,1,1,3,1,1,0,0,1
 60,55,  5,0,0,3,1,0,0,0,0
 48,55, -7,1,1,1,1,0,0,0,0
 57,55,  2,0,0,3,1,0,0,0,0
 53,55, -2,1,1,3,1,0,0,1,1
 61,55,  6,0,0,3,1,0,0,1,1
 57,55,  2,0,0,3,1,0,0,0,0
 64,55,  9,0,0,3,1,0,1,0,1
 66,55, 11,1,0,0,1,0,0,1,0
 63,55,  8,1,0,1,1,0,1,1,1
 52,55, -3,0,0,3,1,0,0,0,0
 55,55,  0,1,1,1,1,0,0,0,0
 69,55, 14,1,0,1,1,0,1,0,1
 50,55, -5,1,0,1,1,0,0,1,0
 60,55,  5,1,0,1,1,0,0,1,1
 63,55,  8,1,0,0,1,0,0,0,0
 65,55, 10,1,1,3,1,1,0,1,1
 54,55, -1,1,0,1,1,0,0,1,0
 58,55,  3,1,1,1,1,0,0,0,0
 61,55,  6,0,0,3,1,1,0,1,1
 58,55,  3,1,1,1,1,1,0,1,1
 61,55,  6,1,0,1,1,0,0,1,0
 54,55, -1,1,0,1,1,0,0,1,0
 48,55, -7,1,1,3,1,0,0,0,0
 65,55, 10,1,0,1,1,1,0,1,1
 53,55, -2,0,0,3,1,0,0,1,1
 59,55,  4,1,1,3,1,0,0,1,0
 55,55,  0,0,0,3,1,0,0,0,0
 70,55, 15,1,1,0,1,0,0,1,1
 68,55, 13,1,0,1,1,0,0,1,0
 70,55, 15,1,1,1,1,0,0,1,1
 61,55,  6,1,0,1,1,0,0,1,1
 56,55,  1,1,1,2,1,0,0,1,0
 61,55,  6,1,1,0,1,0,0,0,0
 64,55,  9,0,0,3,1,1,0,1,1
 67,55, 12,1,0,0,1,0,0,1,0
 67,55, 12,1,0,1,1,0,0,1,0
 50,55, -5,1,1,1,1,0,1,0,0
 54,55, -1,1,1,1,1,0,1,0,0
 41,55,-14,1,0,2,1,1,0,0,1
 56,55,  1,0,0,3,1,0,1,1,1
 53,55, -2,1,0,1,1,0,0,1,0
 59,55,  4,0,0,3,1,0,0,1,0
 54,55, -1,1,1,3,1,0,0,1,0
 58,55,  3,0,0,3,1,0,0,1,1
 69,55, 14,1,0,2,1,0,0,1,1
 60,55,  5,1,0,1,1,0,0,1,0
 55,55, -0,1,1,1,1,0,1,1,1
 84,55, 29,1,0,2,1,0,0,0,1
 58,55,  3,1,1,1,1,0,0,1,1
 60,55,  5,1,1,3,1,0,0,1,0
 52,55, -3,1,0,1,1,0,0,1,0
 61,55,  6,0,0,3,1,0,0,1,0
 84,55, 29,1,0,2,1,0,0,1,1
 56,55,  1,1,1,3,1,0,0,0,0
 53,55, -2,0,0,3,1,0,0,1,0
 66,55, 11,1,1,1,1,1,1,1,1
 57,55,  2,1,1,1,1,1,0,1,1
 44,55,-11,1,1,0,1,0,0,1,0
 56,55,  1,1,0,2,1,0,0,1,0
 69,55, 14,1,1,3,1,1,0,1,1
 63,55,  8,1,0,1,1,0,0,0,0
 54,55, -1,1,1,1,1,0,0,1,0
 60,55,  5,1,0,1,1,0,1,1,1
 53,55, -2,1,0,1,1,0,0,1,0
 57,55,  2,1,0,1,1,0,1,1,1
 62,55,  7,1,1,1,1,0,0,1,0
 53,55, -2,1,0,0,1,0,0,1,1
 55,55, -0,1,1,3,1,0,0,1,0
 56,55,  1,0,0,3,1,0,0,1,0
 61,55,  6,1,1,3,1,0,1,0,1
 55,55,  0,1,1,3,1,0,0,1,1
 61,55,  6,1,1,0,1,0,1,0,1
 60,55,  5,0,0,3,1,0,0,1,0
 61,55,  6,0,0,3,1,0,0,1,0
 66,55, 11,0,0,3,1,1,0,1,1
 39,55,-16,1,1,2,1,0,0,0,0
 60,55,  5,1,0,0,1,0,0,1,0
 44,55,-11,1,0,1,1,0,0,1,1
 66,55, 11,1,1,3,1,0,0,1,1
 62,55,  7,1,1,1,1,0,0,1,0
 75,55, 20,0,0,3,1,0,0,1,1
 69,55, 14,1,1,1,1,1,0,1,1
 63,55,  8,0,0,3,0,0,1,0,1
 59,55,  4,1,0,1,1,0,0,1,0
 69,55, 14,1,0,1,1,0,0,1,0
 61,55,  6,1,1,0,1,1,0,0,0
 88,55, 33,1,0,2,1,0,0,0,1
 54,55, -1,1,0,1,1,0,0,1,1
 62,55,  7,1,0,1,1,1,0,1,1
 68,55, 13,1,1,2,1,0,0,0,1
 66,55, 11,1,1,1,1,0,0,1,1
 65,55, 10,1,0,1,1,0,0,1,0
 56,55,  1,1,1,3,1,1,0,1,1
 66,55, 11,1,1,3,1,0,0,1,1
 53,55, -2,0,0,3,1,0,0,1,0
 58,55,  3,1,1,1,1,0,0,1,1
 44,55,-11,0,0,3,1,1,0,1,1
 68,55, 13,1,1,3,1,1,0,1,1
 53,55, -2,0,0,3,1,0,0,0,0
 54,55, -1,1,1,1,1,0,0,0,0
 69,55, 14,1,0,1,1,0,0,1,0
 55,55,  0,1,1,1,1,0,0,1,0
 58,55,  3,1,0,1,1,1,0,1,1
 53,55, -2,1,1,1,1,0,1,0,0
 54,55, -1,1,1,1,1,0,0,0,0
 56,55,  1,1,1,1,0,0,0,0,0
 67,55, 12,1,0,0,1,0,0,1,0
 56,55,  1,0,0,3,1,0,0,0,0
 61,55,  6,1,0,2,1,0,0,1,0
 53,55, -2,0,0,3,1,0,0,1,0
 52,55, -3,1,1,1,1,1,0,0,0
 57,55,  2,1,1,3,1,0,0,1,0
 62,55,  7,1,0,2,1,0,0,1,1
 67,55, 12,1,1,3,1,1,0,1,1
 65,55, 10,1,1,3,0,0,0,1,1
 90,55, 35,1,0,2,0,0,1,0,1
 65,55, 10,1,1,1,1,0,0,1,1
 53,55, -2,1,1,1,1,1,0,1,1
 63,55,  8,1,0,0,1,0,0,0,0
 56,55,  1,1,1,3,1,0,0,1,0
 45,55,-10,1,0,2,1,0,0,0,1
 61,55,  6,1,0,1,1,0,0,1,0
 58,55,  3,0,0,3,1,0,0,0,0
 62,55,  7,1,1,0,1,0,1,0,1
 56,55,  1,1,0,1,1,0,0,1,0
 55,55, -0,1,0,1,1,0,0,1,0
 66,55, 11,1,0,1,1,1,0,1,1
 61,55,  6,1,0,1,1,0,0,0,0
 63,55,  8,1,1,1,1,0,0,1,1
 62,55,  7,0,0,3,1,1,0,1,1
 66,55, 11,0,0,3,1,0,0,1,0
 52,55, -3,1,0,1,1,0,0,1,1
 57,55,  2,1,0,1,1,0,1,1,1
 65,55, 10,1,1,1,0,0,0,0,1
 55,55,  0,1,1,1,1,0,0,1,0
 51,55, -4,1,1,0,1,0,0,1,0
 62,55,  7,0,0,3,1,1,0,1,1
 57,55,  2,1,0,0,0,0,0,1,1
 47,55, -8,1,1,1,1,0,0,1,0
 66,55, 11,1,1,3,1,1,0,1,1
 65,55, 10,1,1,3,1,0,0,1,1
 58,55,  3,0,0,3,1,0,1,1,1
 55,55,  0,1,0,0,1,1,0,1,1
 68,55, 13,1,0,0,1,1,0,0,1
 48,55, -7,1,1,1,1,0,1,1,1
 51,55, -4,1,0,0,1,0,0,0,0
 66,55, 11,1,0,1,1,0,0,1,0
 55,55,  0,1,1,1,1,0,0,1,1
 57,55,  2,1,0,0,1,0,0,1,0
 60,55,  5,1,0,1,1,0,0,1,1
 54,55, -1,0,0,3,1,0,1,1,1
 58,55,  3,1,1,1,1,0,0,1,0
 60,55,  5,1,1,3,1,1,0,1,1
 63,55,  8,1,1,1,1,0,0,1,0
 57,55,  2,1,0,1,1,0,0,1,1
 38,55,-17,1,0,0,1,1,0,1,1
 53,55, -2,1,1,3,1,1,0,1,1
 54,55, -1,1,0,1,1,0,0,1,0
 59,55,  4,1,1,3,1,0,0,1,0
 50,55, -5,1,1,1,1,0,0,0,0
 58,55,  3,1,0,1,1,0,0,1,0
 56,55,  1,1,0,1,1,0,0,1,1
 56,55,  1,1,1,3,1,0,0,1,0
 67,55, 12,1,0,0,1,1,0,1,1
 56,55,  1,0,0,3,1,0,1,0,1
 62,55,  7,1,0,1,1,0,1,1,1
 65,55, 10,1,1,0,1,1,0,1,1
 63,55,  8,1,0,0,1,1,1,0,1
 61,55,  6,0,0,3,1,0,1,1,1
 64,55,  9,1,1,3,1,0,0,1,1
 67,55, 12,0,0,3,1,0,0,1,1
 56,55,  1,1,1,0,1,1,0,1,1
 65,55, 10,1,1,1,1,0,1,1,1
 60,55,  5,1,0,0,0,0,0,1,1
 65,55, 10,1,0,1,1,0,0,1,0
 63,55,  8,1,1,0,1,0,1,0,1
 75,55, 20,1,1,1,1,0,0,1,1
 64,55,  9,1,0,1,1,0,0,0,0
 59,55,  4,1,1,1,1,0,0,1,1
 72,55, 17,0,0,3,1,0,0,0,1
 54,55, -1,1,0,1,1,0,0,1,0
 58,55,  3,1,0,1,1,0,0,1,1
 56,55,  1,0,0,3,1,0,0,1,0
 58,55,  3,1,0,1,1,0,1,1,1
 52,55, -3,1,0,1,1,0,0,1,0
 58,55,  3,1,1,1,1,0,0,1,0
 50,55, -5,1,1,1,1,0,0,0,0
 56,55,  1,1,0,1,1,0,0,1,0
 51,55, -4,0,0,3,1,0,0,1,0
 53,55, -2,0,0,3,1,0,0,1,0
 61,55,  6,1,1,3,1,0,0,1,0
 51,55, -4,1,0,1,0,0,0,1,1
 67,55, 12,1,1,3,1,1,0,1,1
 49,55, -6,1,0,0,1,0,0,0,0
 59,55,  4,1,1,3,1,0,1,1,1
 58,55,  3,1,1,1,1,1,0,1,1
 57,55,  2,1,0,1,1,0,0,0,0
 63,55,  8,1,0,1,1,0,1,1,1
 58,55,  3,0,0,3,1,1,0,0,0
 55,55,  0,1,0,1,1,0,0,1,0
 61,55,  6,1,1,1,1,0,0,1,0
 58,55,  3,1,0,0,1,0,0,1,0
 54,55, -1,1,1,1,1,0,0,1,0
 50,55, -5,1,1,1,1,0,0,1,0
 44,55,-11,1,1,3,1,0,0,1,0
 54,55, -1,0,0,3,1,0,0,1,0
 63,55,  8,1,0,1,1,0,1,1,1
 55,55, -0,1,1,1,1,0,0,1,0
 69,55, 14,0,0,3,1,1,0,1,1
 51,55, -4,1,0,1,1,0,0,0,0
 82,55, 27,1,0,2,1,0,0,1,1
 58,55,  3,1,0,0,1,0,1,0,0
 44,55,-11,1,0,1,1,0,0,1,1
 63,55,  8,1,1,1,1,0,0,1,1
 62,55,  7,1,0,2,1,0,0,0,0
 60,55,  5,1,1,3,1,0,0,1,0
 49,55, -6,1,0,0,1,0,1,1,1
 72,55, 17,0,0,3,1,1,0,1,1
 68,55, 13,1,0,0,1,0,0,1,0
 64,55,  9,1,1,1,1,0,0,0,0
 61,55,  6,1,1,1,1,0,0,1,0
 62,55,  7,1,1,3,1,1,0,1,1
 48,55, -7,1,1,0,1,0,0,1,1
 57,55,  2,1,0,1,1,0,0,1,0
 64,55,  9,0,0,3,1,0,1,0,1
 46,55, -9,0,0,3,1,0,1,1,1
 59,55,  4,1,0,2,1,0,0,1,1
 60,55,  5,0,0,3,1,0,1,0,1
 52,55, -3,1,0,1,1,1,0,1,1
 55,55, -0,1,0,1,1,0,0,0,0
 58,55,  3,1,1,3,1,0,0,0,0
 48,55, -7,1,0,1,1,0,0,1,1
 64,55,  9,1,0,0,1,0,1,0,1
 58,55,  3,1,1,1,1,1,0,1,1
 60,55,  5,1,1,1,1,0,0,0,0
 81,55, 26,1,0,0,1,0,1,0,1
 60,55,  5,0,0,3,1,1,1,0,1
 57,55,  2,1,0,1,1,0,0,0,0
 72,55, 17,1,0,1,1,1,0,1,1
 59,55,  4,1,1,1,1,1,0,1,1
 54,55, -1,1,1,1,0,0,0,1,1
 61,55,  6,1,1,3,1,0,1,1,1
 56,55,  1,1,1,0,1,0,0,0,0
 64,55,  9,1,0,1,0,1,0,0,1
 58,55,  3,0,0,3,1,0,0,0,0
 38,55,-17,1,0,2,1,1,0,1,1
 57,55,  2,1,0,1,1,0,0,0,0
 57,55,  2,0,0,3,1,0,1,1,1
 57,55,  2,1,1,3,1,0,0,1,1
 56,55,  1,1,0,1,1,0,0,0,0
 55,55, -0,0,0,3,1,0,0,1,1
 52,55, -3,1,1,2,1,0,0,1,0
 56,55,  1,0,0,3,1,0,0,1,0
 63,55,  8,1,1,1,1,0,0,0,0
 64,55,  9,1,1,1,1,0,0,1,0
 63,55,  8,0,0,3,1,0,1,1,1
 53,55, -2,1,0,1,1,0,0,1,0
 79,55, 24,1,0,2,1,0,0,0,1
 61,55,  6,1,0,1,1,0,0,0,0
 71,55, 16,1,0,1,1,0,0,1,0
 65,55, 10,1,1,1,1,0,1,0,1
 54,55, -1,1,1,1,1,0,0,1,0
 54,55, -1,1,1,1,1,0,0,1,0
 54,55, -1,1,0,2,1,0,0,0,0
 59,55,  4,1,1,0,1,0,0,0,0
 72,55, 17,1,1,2,1,0,0,1,1
 46,55, -9,1,1,1,1,1,0,1,1
 56,55,  1,1,1,1,1,1,0,0,0
 54,55, -1,1,0,0,1,0,0,1,0
 46,55, -9,0,0,3,1,1,0,1,1
 54,55, -1,1,0,1,1,0,0,1,0
 65,55, 10,1,1,0,1,1,0,0,1
 54,55, -1,1,1,1,1,0,0,0,0
 60,55,  5,1,0,1,1,0,0,0,0
 64,55,  9,1,1,1,1,0,0,1,0
 55,55,  0,1,0,0,1,0,0,1,0
 60,55,  5,1,0,1,1,1,0,0,0
 58,55,  3,1,1,3,1,0,0,0,0
 52,55, -3,1,0,0,1,1,0,1,1
 54,55, -1,0,0,3,1,0,0,0,0
 61,55,  6,1,1,1,1,1,0,0,0
 62,55,  7,1,0,1,1,0,0,1,0
 61,55,  6,1,0,1,0,0,0,0,0
 63,55,  8,1,0,1,1,0,0,0,0
 55,55, -0,1,0,1,1,0,0,1,0
 67,55, 12,1,0,1,1,0,0,1,0
 58,55,  3,1,0,0,1,0,0,1,0
 63,55,  8,0,0,3,1,0,0,1,0
 60,55,  5,1,1,3,1,1,0,1,1
 61,55,  6,0,0,3,1,0,0,1,0
 72,55, 17,1,0,1,1,1,0,1,1
 47,55, -8,1,1,3,1,0,0,1,0
 64,55,  9,1,0,0,1,0,0,1,0
 53,55, -2,0,0,3,1,1,0,0,0
 51,55, -4,1,1,1,1,0,1,0,0
 57,55,  2,0,0,3,1,0,0,0,0
 55,55, -0,1,0,1,1,1,0,1,1
 69,55, 14,1,1,0,0,0,1,1,1
 67,55, 12,1,1,1,1,0,0,1,1
 63,55,  8,1,0,1,1,0,1,1,1
 44,55,-11,1,1,2,1,1,0,0,0
 54,55, -1,1,0,1,1,1,0,0,0
 63,55,  8,1,1,1,1,1,0,1,1
 53,55, -2,0,0,3,1,0,0,1,0
 58,55,  3,1,1,1,1,0,0,0,0
 76,55, 21,1,1,2,1,0,0,1,1
 53,55, -2,1,0,2,1,0,0,0,0
 64,55,  9,1,1,1,1,1,1,1,1
 50,55, -5,0,0,3,1,0,0,1,1
 57,55,  2,1,0,2,0,0,0,1,1
 70,55, 15,1,1,3,1,0,0,1,1
 58,55,  3,1,0,1,1,0,1,0,0
 56,55,  1,1,1,3,1,0,0,1,0
 56,55,  1,1,0,1,1,0,0,1,1
 45,55,-10,1,0,1,1,0,0,1,1
 62,55,  7,1,0,1,1,0,1,0,1
 59,55,  4,1,0,1,1,0,0,0,0
 56,55,  1,1,1,0,1,0,1,1,1
 48,55, -7,1,1,0,1,0,0,1,0
 59,55,  4,1,0,0,1,1,0,0,0
 58,55,  3,0,0,3,1,0,0,1,0
 55,55, -0,1,1,1,1,0,0,1,1
 47,55, -8,1,0,1,1,1,0,1,1
 53,55, -2,1,0,2,1,0,0,1,1
 54,55, -1,1,1,1,1,0,0,1,1
 62,55,  7,0,0,3,0,1,0,1,1
 54,55, -1,0,0,3,0,0,0,1,1
 60,55,  5,1,0,2,1,1,0,1,1
 57,55,  2,0,0,3,1,0,0,1,0
 62,55,  7,1,0,0,1,0,0,1,1
 49,55, -6,1,1,1,1,0,0,1,1
 53,55, -2,1,1,3,1,0,0,1,0
 62,55,  7,1,1,3,0,0,0,1,1
 60,55,  5,0,0,3,1,0,0,0,0
 67,55, 12,1,0,1,1,0,0,1,0
 46,55, -9,1,1,1,1,0,0,1,0
 56,55,  1,1,0,1,1,0,0,1,0
 58,55,  3,1,1,3,1,1,1,1,1
 64,55,  9,1,0,1,1,0,0,1,0
 58,55,  3,1,1,1,1,1,0,1,1
 50,55, -5,1,0,1,1,1,0,0,0
 51,55, -4,1,1,2,1,0,0,1,0
 59,55,  4,0,0,3,0,0,1,1,1
 62,55,  7,1,0,1,1,0,0,0,0
 67,55, 12,0,0,3,1,0,0,1,0
 64,55,  9,0,0,3,1,0,0,1,0
 53,55, -2,1,1,3,1,0,1,1,1
 57,55,  2,1,1,1,1,0,0,1,0
 60,55,  5,0,0,3,1,0,0,1,0
 71,55, 16,1,1,1,1,0,0,0,1
 51,55, -4,0,0,3,1,0,0,1,0
 67,55, 12,0,0,3,1,1,0,1,1
 66,55, 11,1,0,1,1,0,0,1,0
 48,55, -7,1,0,0,1,0,0,1,1
 54,55, -1,0,0,3,1,0,1,1,1
 64,55,  9,0,0,3,1,0,1,1,1
 70,55, 15,1,0,1,1,1,0,1,1
 61,55,  6,1,0,2,1,0,1,1,1
 55,55,  0,1,0,1,1,0,0,0,0
 65,55, 10,1,0,0,1,0,0,0,0
 54,55, -1,1,1,0,1,0,0,1,0
 62,55,  7,1,1,3,1,0,0,1,0
 49,55, -6,1,1,1,1,0,1,1,1
 64,55,  9,1,1,3,0,0,0,1,1
 67,55, 12,1,1,1,1,0,0,1,1
 53,55, -2,1,1,1,1,0,0,1,0
 55,55,  0,1,0,1,1,0,0,0,0
 52,55, -3,0,0,3,1,1,0,1,1
 61,55,  6,0,0,3,1,0,0,1,0
 59,55,  4,1,0,0,1,0,0,1,0
 60,55,  5,0,0,3,1,0,0,0,0
 71,55, 16,1,0,1,1,0,1,1,1
 52,55, -3,0,0,3,1,1,0,1,1
 63,55,  8,1,0,0,1,0,0,1,0
 56,55,  1,1,1,1,1,0,0,1,0
 45,55,-10,1,0,1,1,0,0,1,1
 47,55, -8,1,0,1,1,0,0,1,1
 55,55,  0,1,0,1,1,0,0,1,0
 63,55,  8,0,0,3,1,0,0,1,0
 59,55,  4,1,0,1,1,0,0,1,0
 64,55,  9,1,0,1,1,0,0,1,0
 53,55, -2,0,0,3,1,0,0,1,0
 71,55, 16,1,0,2,1,0,1,1,1
 71,55, 16,1,1,2,1,0,0,1,1
 51,55, -4,1,1,3,1,0,0,1,0
 56,55,  1,1,1,3,1,1,0,1,1
 64,55,  9,1,1,1,1,0,0,1,0
 62,55,  7,1,1,1,1,0,0,1,0
 58,55,  3,1,1,3,1,0,0,0,0
 55,55, -0,1,1,1,1,0,0,0,0
 48,55, -7,0,0,3,1,1,0,1,1
 73,55, 18,1,1,3,1,1,0,1,1
 66,55, 11,1,1,3,1,0,1,0,1
 52,55, -3,0,0,3,1,0,0,1,0
 58,55,  3,0,0,3,1,0,0,1,1
 51,55, -4,1,1,2,0,0,0,1,1
 47,55, -8,1,1,0,1,0,0,0,0
 63,55,  8,1,1,1,1,0,0,1,1
 57,55,  2,1,0,1,1,1,1,1,1
 47,55, -8,1,1,0,1,1,1,0,1
 76,55, 21,1,1,2,1,1,0,1,1
 56,55,  1,1,0,2,1,0,1,1,1
 58,55,  3,0,0,3,1,1,0,1,1
 52,55, -3,1,1,1,1,1,1,1,1
 50,55, -5,0,0,3,0,0,0,1,1
 62,55,  7,1,1,0,1,1,0,1,1
 59,55,  4,1,1,3,1,1,0,1,1
 61,55,  6,1,1,1,1,1,1,0,1
 56,55,  1,1,0,1,1,0,0,1,1
 49,55, -6,1,0,0,1,1,0,1,1
 56,55,  1,1,0,1,1,1,0,1,1
 59,55,  4,1,1,1,1,0,0,1,1
 59,55,  4,1,1,3,1,0,1,1,1
 75,55, 20,1,0,2,1,0,0,1,1
 79,55, 24,1,0,2,1,0,0,1,1
 47,55, -8,1,1,2,1,0,1,1,1
 59,55,  4,1,0,1,1,1,0,1,1
 57,55,  2,0,0,3,0,0,1,1,1
 65,55, 10,1,0,0,1,0,1,0,1
 64,55,  9,0,0,3,1,0,1,1,1
 58,55,  3,0,0,3,1,0,0,1,1
 59,55,  4,1,0,1,1,0,1,1,1
 69,55, 14,1,1,0,1,0,0,1,1
 53,55, -2,1,1,2,1,1,0,1,1
 53,55, -2,1,0,1,1,0,1,1,1
 56,55,  1,0,0,3,1,0,0,1,1
 62,55,  7,0,0,3,1,1,0,1,1
 46,55, -9,1,0,1,1,0,0,1,1
 52,55, -3,1,1,0,1,1,0,1,1
